>4F2_HUMAN,269,269,0,0,0
L,R,F,P,Y,A,A,
>4F2_MOUSE,250,269,0,0,0
L,Q,F,P,F,V,A,
>4F2_RABIT,250,269,0,0,0
L,H,F,P,Y,V,A,
>4F2_RAT,250,269,0,0,0
L,Q,F,P,F,V,A,
>A3LT2_HUMAN,250,0,250,0,0
G,Y,R,L,L,R,N,
>A3LT2_MOUSE,250,0,250,0,0
E,Y,T,L,V,R,N,
>A3LT2_RAT,269,0,269,0,0
E,Y,A,L,V,R,T,
>A4GAT_HUMAN,305,0,305,0,0
E,A,M,K,M,Y,L,
>A4GAT_MOUSE,250,0,250,0,0
R,A,M,K,M,Y,L,
>A4GAT_PANTR,305,0,305,0,0
E,A,M,K,M,Y,L,
>A4GAT_RAT,250,0,250,0,0
R,A,M,T,M,Y,L,
>A4GCT_MOUSE,305,0,305,0,0
K,P,G,T,G,S,R,
>AAAD_BOVIN,250,0,0,250,0
N,W,L,H,E,N,L,
>AAAD_MOUSE,250,0,0,269,0
S,W,L,I,K,N,L,
>AAAD_RAT,250,0,0,250,0
N,W,L,H,K,N,L,
>ABHD2_BOVIN,250,250,0,0,0
L,V,E,A,D,L,E,
>ABHD2_HUMAN,305,305,0,0,0
Q,V,E,A,D,L,E,
>ABHD2_MACFA,250,250,0,0,0
Q,V,E,A,D,L,E,
>ABHD2_MOUSE,250,250,0,0,0
Q,M,E,A,E,L,E,
>ABHEA_HUMAN,305,0,0,0,0
A,F,L,D,H,L,P,
>ABHEA_MOUSE,305,0,0,0,0
A,F,L,D,H,L,P,
>ABHEA_RAT,305,0,0,0,0
A,F,L,D,H,L,P,
>AGRIN_MOUSE,269,269,0,0,0
L,R,P,C,P,T,L,
>AGRIN_RAT,269,269,0,0,0
L,R,P,C,P,T,P,
>ALG1_HUMAN,305,0,0,305,0
L,P,L,V,M,D,T,
>ALG1_MOUSE,250,0,0,250,0
H,P,S,C,R,G,F,
>ALG1_PONAB,250,0,0,250,0
L,P,L,V,M,D,T,
>ALG5_HUMAN,250,0,0,250,0
E,Q,T,R,K,M,N,
>ALG5_MOUSE,250,0,0,250,0
K,Q,T,R,K,A,S,
>AMPN_BOVIN,250,250,0,0,0
N,W,F,K,D,H,S,
>AMPN_CANLF,250,250,0,0,0
W,F,R,E,N,S,Q,
>AMPN_FELCA,269,269,0,0,0
R,W,F,T,E,N,S,
>AMPN_HUMAN,305,269,0,0,0
W,F,T,E,N,S,K,
>AMPN_MOUSE,250,269,0,0,0
W,F,T,E,N,S,S,
>AMPN_PIG,305,269,0,0,0
N,W,F,I,E,H,S,
>AMPN_RABIT,250,250,0,0,0
W,F,T,A,N,S,A,
>AMPN_RAT,250,269,0,0,0
K,W,F,T,E,N,S,
>AMPQ_ACIJB,250,0,0,0,0
A,W,L,R,K,N,T,
>AMPQ_FELCA,250,0,0,0,0
A,W,L,R,K,N,T,
>AMPQ_HUMAN,303,0,0,0,0
A,W,L,R,R,N,T,
>AMPQ_MOUSE,250,0,0,0,0
R,H,F,L,A,E,H,
>AOC3_HUMAN,269,269,0,0,0
H,G,G,F,S,H,N,
>AOC3_RAT,269,0,0,0,0
H,G,G,F,T,Y,K,
>APMAP_HUMAN,269,0,0,0,0
R,L,S,L,Q,A,V,
>ARXS1_MOUSE,305,0,0,269,0
Y,E,I,A,T,T,F,
>ARXS2_MOUSE,305,0,0,269,0
Y,E,I,A,T,T,F,
>ASAH2_HUMAN,250,269,269,0,0
A,F,E,V,V,T,I,
>ASAH2_MOUSE,269,269,250,0,0
P,F,E,V,V,T,T,
>ASAH2_RAT,269,269,250,0,0
P,F,E,I,V,T,T,
>ASPH_BOVIN,303,0,0,1,0
R,R,S,L,P,A,I,
>ASPH_HUMAN,269,0,0,1,1
R,R,S,L,P,A,I,
>ASPH_MOUSE,303,0,0,250,1
R,R,S,L,P,A,I,
>AT1B4_BOVIN,250,0,0,0,0
F,T,L,N,I,E,T,
>AT1B4_HUMAN,250,0,0,0,0
F,T,L,N,I,E,T,
>AT1B4_MOUSE,250,0,0,0,0
F,T,L,N,I,E,T,
>AT1B4_PIG,269,0,0,0,0
F,T,L,N,I,E,T,
>AT1B4_RAT,250,0,0,0,0
F,T,L,N,I,E,T,
>B3GA1_CANLF,250,0,250,0,0
T,D,P,T,V,E,I,
>B3GA1_HUMAN,250,0,250,250,1
T,D,P,S,V,E,I,
>B3GA1_MOUSE,250,0,250,250,1
T,D,P,S,V,E,I,
>B3GA1_PANTR,250,0,250,0,0
T,D,P,S,V,E,I,
>B3GA2_CANLF,250,0,250,0,0
D,T,V,K,I,E,V,
>B3GA2_MOUSE,250,0,250,0,0
D,T,V,N,I,E,V,
>B3GA3_CRIGR,250,0,250,0,0
S,D,P,A,I,E,V,
>B3GA3_HUMAN,269,0,269,0,0
S,D,P,A,I,E,V,
>B3GA3_MOUSE,250,0,250,0,0
S,D,P,A,I,E,V,
>B3GL1_MOUSE,250,0,250,0,0
R,N,T,T,C,H,Y,
>B3GL1_MUSSI,250,0,250,0,0
R,N,T,T,C,H,Y,
>B3GL1_PIG,250,0,250,0,0
R,N,T,T,C,H,Y,
>B3GL1_PONAB,250,0,250,0,0
R,N,T,T,C,H,Y,
>B3GL1_RAT,250,0,250,0,0
R,N,T,T,C,H,Y,
>B3GL2_HUMAN,250,0,250,269,0
P,C,R,C,Q,A,R,
>B3GL2_MOUSE,250,0,250,250,0
Q,C,E,A,K,V,R,
>B3GLT_HUMAN,269,0,0,269,0
K,G,F,R,E,E,L,
>B3GLT_MOUSE,250,0,0,255,0
K,D,P,R,E,E,L,
>B3GN2_HUMAN,305,0,305,0,0
Q,S,A,H,L,K,C,
>B3GN2_MOUSE,305,0,305,0,0
Q,S,P,N,L,K,C,
>B3GN3_HUMAN,305,0,305,0,0
G,N,Q,T,Q,I,Y,
>B3GN3_MOUSE,305,0,305,0,0
G,R,Q,S,P,A,Y,
>B3GN4_HUMAN,250,0,250,0,0
A,G,P,I,P,Q,R,
>B3GN4_MOUSE,250,0,250,0,0
C,A,A,T,H,K,P,
>B3GN5_HUMAN,250,0,250,0,0
P,C,R,A,A,F,I,
>B3GN5_MOUSE,250,0,250,0,0
P,C,W,A,A,F,A,
>B3GN5_PIG,250,0,250,0,0
P,C,R,A,A,F,A,
>B3GN5_RAT,250,0,250,0,0
P,C,R,A,A,F,A,
>B3GN6_HUMAN,269,0,269,0,0
D,R,G,H,R,V,S,
>B3GN6_MOUSE,250,0,250,0,0
E,Q,N,P,D,A,H,
>B3GN7_HUMAN,305,0,305,0,0
S,R,K,L,Q,V,L,
>B3GN7_MOUSE,305,0,305,0,0
S,V,K,F,Q,V,L,
>B3GN7_RAT,305,0,305,0,0
S,L,K,F,Q,V,L,
>B3GN8_HUMAN,250,0,250,0,0
Q,D,P,R,L,Q,C,
>B3GN8_MOUSE,250,0,250,0,0
W,V,P,E,L,Q,C,
>B3GT1_GORGO,305,0,305,0,0
S,K,K,H,L,R,C,
>B3GT1_HUMAN,305,0,305,0,0
S,K,K,H,L,R,C,
>B3GT1_MOUSE,305,0,305,0,0
S,K,K,H,L,R,C,
>B3GT1_PANPA,305,0,305,0,0
S,K,K,H,L,R,C,
>B3GT1_PANTR,305,0,305,0,0
S,K,K,H,L,R,C,
>B3GT1_PONPY,305,0,305,0,0
S,K,K,H,L,R,C,
>B3GT2_HUMAN,305,0,305,0,0
Y,R,H,R,K,L,H,
>B3GT2_MOUSE,305,0,305,0,0
Y,R,H,R,K,L,H,
>B3GT2_PONAB,305,0,305,0,0
Y,R,H,R,K,L,H,
>B3GT5_HUMAN,305,0,305,0,0
G,E,D,C,P,P,V,
>B3GT5_MOUSE,305,0,305,0,0
E,Q,D,C,P,A,V,
>B3GT6_HUMAN,269,0,269,0,0
Q,R,R,E,G,I,P,
>B3GT6_MOUSE,250,0,250,0,0
Q,R,K,E,G,V,P,
>B3GT9_HUMAN,250,0,250,0,0
N,L,M,Y,F,A,D,
>B4GA1_HUMAN,269,0,269,0,0
P,N,S,P,R,R,C,
>B4GN2_HUMAN,305,0,305,0,0
N,H,L,Q,C,A,A,
>B4GN3_HUMAN,269,0,269,0,0
R,R,Q,M,K,T,L,
>B4GN4_HUMAN,250,0,250,0,0
G,S,R,T,G,A,S,
>B4GN4_MOUSE,250,0,250,0,0
G,A,R,A,Q,R,S,
>B4GT1_MOUSE,269,1,269,0,1
V,D,I,G,T,P,R,
>B4GT2_CRIGR,250,0,250,0,0
M,S,W,L,N,Q,G,
>B4GT2_MOUSE,250,0,250,0,0
M,S,W,L,T,Q,G,
>B4GT3_BOVIN,250,0,250,0,0
T,A,P,H,G,S,H,
>B4GT3_CRIGR,250,0,250,0,0
T,A,P,H,G,S,H,
>B4GT3_MOUSE,250,0,250,0,0
T,A,P,R,G,S,H,
>B4GT3_PONAB,250,0,250,0,0
T,A,L,R,G,S,H,
>B4GT3_RAT,250,0,250,0,0
T,A,P,H,G,S,H,
>B4GT4_CRIGR,250,0,250,0,0
V,D,F,W,T,G,V,
>B4GT4_MOUSE,250,0,250,0,0
V,D,F,W,T,A,A,
>B4GT4_RAT,250,0,250,0,0
V,D,F,W,T,A,A,
>B4GT7_MOUSE,250,0,250,0,0
T,P,W,C,I,F,G,
>BST2_CRIGR,269,250,269,0,0
V,P,L,F,L,L,F,
>BTNL2_HUMAN,269,0,0,0,1
T,F,S,L,S,G,W,
>BWNIN_HUMAN,305,0,0,0,0
S,Q,Q,E,E,L,K,
>BWNIN_MOUSE,250,0,0,0,0
E,P,H,V,S,Q,Q,
>BWNIN_PONAB,250,0,0,0,0
S,Q,Q,E,E,L,K,
>C1GLT_RAT,269,0,0,0,0
K,I,K,L,G,N,P,
>CANT1_HUMAN,269,269,269,269,0
Y,E,G,I,E,F,I,
>CANT1_MOUSE,250,0,250,250,0
Y,E,G,I,E,F,I,
>CANT1_RAT,269,0,269,269,0
Y,E,G,I,E,F,I,
>CCPG1_HUMAN,250,0,0,0,0
P,C,H,Y,S,S,L,
>CCPG1_MOUSE,269,0,0,0,0
P,C,Y,Y,N,S,F,
>CCPG1_PONAB,250,0,0,0,0
L,P,F,D,P,Q,Y,
>CD209_HUMAN,305,305,0,0,1
T,P,N,P,P,P,A,
>CD40L_AOTTR,250,250,0,0,0
S,F,G,L,L,K,L,
>CD40L_BOVIN,250,250,0,0,0
S,F,G,L,L,K,L,
>CD40L_CALJA,250,250,0,0,0
S,F,G,L,L,K,L,
>CD40L_CANLF,250,250,0,0,0
S,F,G,L,L,K,L,
>CD40L_CERAT,250,250,0,0,0
S,F,G,L,L,K,L,
>CD40L_FELCA,250,250,0,0,0
S,F,G,L,L,K,L,
>CD40L_HUMAN,303,269,0,0,0
S,F,G,L,L,K,L,
>CD40L_MACMU,250,250,0,0,0
S,F,G,L,L,K,L,
>CD40L_MACNE,250,250,0,0,0
S,F,G,L,L,K,L,
>CD40L_MOUSE,250,250,0,0,0
S,F,G,L,L,K,L,
>CD40L_PIG,250,250,0,0,0
S,F,G,L,L,K,L,
>CD40L_RAT,250,250,0,0,0
S,I,G,L,L,K,L,
>CEIP2_HUMAN,269,269,0,0,0
K,Q,A,S,K,A,H,
>CEIP2_MOUSE,250,250,0,0,0
Q,Q,A,L,K,V,L,
>CF089_HUMAN,269,0,269,0,1
G,T,A,F,S,E,L,
>CF089_MOUSE,250,0,250,0,0
G,T,T,L,S,D,L,
>CF089_PONAB,250,0,250,0,0
G,T,A,F,S,E,L,
>CF089_RAT,250,0,250,0,0
G,T,T,L,S,E,L,
>CGAT1_HUMAN,305,0,305,0,0
K,T,S,S,K,K,T,
>CGAT1_MOUSE,305,0,305,0,0
K,A,S,S,K,K,T,
>CGAT2_HUMAN,305,0,305,0,0
T,N,S,E,A,V,G,
>CGAT2_MOUSE,250,0,250,0,0
T,N,S,E,T,A,G,
>CHPF2_HUMAN,305,0,305,0,0
Q,E,Q,A,N,S,T,
>CHSS1_HUMAN,305,0,305,0,0
N,G,S,V,R,T,A,
>CHSS1_MOUSE,250,0,250,0,0
H,G,S,A,R,T,A,
>CHSS2_HUMAN,305,0,305,0,1
Q,E,Q,G,N,S,T,
>CHSS2_MOUSE,305,0,305,0,1
Q,E,Q,G,N,S,T,
>CHSS3_HUMAN,305,0,305,0,0
R,Y,N,R,T,L,S,
>CHSS3_MOUSE,305,0,305,0,0
R,D,N,R,T,L,S,
>CHST1_HUMAN,250,0,250,0,0
R,D,F,R,P,F,S,
>CHST1_MOUSE,250,0,250,0,0
R,D,F,R,P,F,L,
>CHST1_RAT,250,0,250,0,0
R,D,F,R,P,F,L,
>CHST2_HUMAN,269,0,269,0,0
L,L,R,K,P,R,L,
>CHST2_MOUSE,250,0,250,0,0
L,L,R,K,P,R,L,
>CHST3_HUMAN,250,0,250,0,0
R,G,T,F,W,V,T,
>CHST3_MOUSE,250,0,250,0,0
R,G,T,F,W,V,T,
>CHST3_RAT,250,0,250,0,0
R,G,T,F,W,V,T,
>CHST4_HUMAN,269,0,269,0,0
T,V,P,E,Q,I,H,
>CHST4_MOUSE,269,0,269,0,0
G,Q,V,F,R,E,G,
>CHST5_HUMAN,305,0,305,0,0
F,S,W,A,S,P,D,
>CHST5_MOUSE,250,0,250,0,0
T,E,K,Q,P,E,S,
>CHST6_HUMAN,250,0,250,0,0
T,A,S,H,P,R,N,
>CHST7_HUMAN,250,0,250,0,0
M,D,A,D,G,A,T,
>CHST7_MOUSE,250,0,250,0,0
T,K,A,N,W,A,V,
>CHST7_RAT,250,0,250,0,0
T,N,A,N,W,A,T,
>CHST8_HUMAN,250,0,250,0,0
K,P,F,A,D,L,Y,
>CHST8_MOUSE,250,0,250,0,0
K,P,F,S,D,L,Y,
>CHST9_HUMAN,250,0,250,0,1
N,Y,T,T,P,F,L,
>CHST9_MOUSE,250,0,250,0,0
N,Y,T,T,P,H,L,
>CHSTA_HUMAN,250,0,250,0,0
K,P,D,F,L,L,N,
>CHSTA_MOUSE,250,0,250,0,0
K,P,D,F,L,L,N,
>CHSTA_PONAB,250,0,250,0,0
K,P,D,F,L,L,N,
>CHSTA_RAT,250,0,250,0,0
K,P,D,F,L,L,N,
>CHSTB_HUMAN,250,0,250,0,0
P,S,Y,L,K,L,E,
>CHSTB_MOUSE,250,0,250,0,0
P,N,Y,L,K,L,D,
>CHSTB_RAT,250,0,250,0,0
P,N,Y,L,K,L,D,
>CHSTC_HUMAN,250,0,250,0,0
P,E,N,L,L,R,D,
>CHSTC_MOUSE,250,0,250,0,0
P,E,N,L,L,R,D,
>CHSTD_HUMAN,250,0,250,0,0
P,S,Y,L,R,L,L,
>CHSTE_HUMAN,250,0,250,0,0
T,K,E,A,C,Q,Q,
>CHSTE_MOUSE,250,0,250,0,0
T,K,E,A,C,H,Q,
>CHSTF_HUMAN,305,0,305,0,0
A,F,A,W,K,T,T,
>CHSTF_MOUSE,305,0,305,0,0
A,F,A,W,K,T,T,
>CHSTF_RAT,305,0,305,0,0
A,F,A,W,K,T,T,
>CL12A_HUMAN,269,269,0,0,0
S,T,Y,F,R,E,A,
>CL12B_HUMAN,269,269,0,0,0
V,K,T,E,D,L,D,
>CLC2A_HUMAN,269,269,0,0,0
S,K,P,K,Y,F,L,
>CLC2D_MOUSE,269,269,0,0,0
Q,T,P,F,F,P,S,
>CLC4A_HUMAN,305,269,0,0,0
E,M,M,K,I,H,L,
>CLC4C_HUMAN,305,269,0,0,0
K,M,K,K,I,Y,I,
>CLC4D_HUMAN,305,269,0,0,0
I,P,G,T,T,L,N,
>CLC4D_MOUSE,305,305,0,0,0
F,N,W,K,P,S,K,
>CLC4D_RAT,305,305,0,0,0
F,D,W,N,P,S,K,
>CLC4E_HUMAN,305,269,0,0,0
L,N,K,G,K,S,L,
>CLC4E_MOUSE,305,269,0,0,0
P,E,I,S,P,L,D,
>CLC4E_RAT,250,305,0,0,0
P,E,I,S,P,L,D,
>CLC4G_HUMAN,269,1,0,0,0
C,E,K,R,H,N,C,
>CLC4G_MOUSE,250,250,0,0,0
E,K,R,S,S,C,Y,
>CLC4K_HUMAN,269,0,0,0,0
P,Y,V,P,S,E,P,
>CLC4M_HUMAN,305,305,0,0,1
A,A,C,F,R,D,E,
>CLC5A_HUMAN,269,269,0,0,0
I,C,E,K,N,A,K,
>CLC5A_MOUSE,269,269,0,0,0
I,C,E,M,N,A,K,
>CLC5A_PIG,250,250,0,0,0
I,C,E,K,S,A,Q,
>CLC6A_BOVIN,305,250,0,0,0
E,M,K,K,I,Y,L,
>CLC6A_HUMAN,305,269,0,0,0
E,M,N,K,I,Y,L,
>CLC6A_MOUSE,305,250,0,0,0
E,M,K,K,I,Y,L,
>CLC6A_RAT,305,250,0,0,0
E,T,K,K,I,Y,L,
>CLC7A_BOVIN,250,250,0,0,0
C,E,K,K,L,S,V,
>CLC7A_HUMAN,269,269,0,0,1
C,E,K,K,F,S,M,
>CLC7A_MACMU,250,250,0,0,0
C,E,K,K,F,S,M,
>CLC7A_MOUSE,269,269,0,0,0
S,I,C,E,K,E,L,
>CLC9A_HUMAN,269,0,0,0,0
Y,A,L,R,S,S,V,
>CLC9A_MOUSE,269,0,0,0,0
K,A,F,G,S,C,I,
>CLCL1_HUMAN,269,269,0,0,0
A,M,V,R,F,N,I,
>CLN5_BOVIN,250,0,0,0,0
N,R,T,L,S,G,L,
>CLN5_CANLF,250,0,0,0,0
N,E,T,L,S,G,L,
>CLN5_HUMAN,269,0,0,0,0
N,K,T,L,S,G,L,
>CLN5_SHEEP,250,0,0,0,0
N,R,T,L,S,G,L,
>CODA1_HUMAN,269,269,0,0,0
V,Q,G,C,W,N,K,
>CODA1_MOUSE,269,250,0,0,0
V,Q,G,C,W,N,K,
>COHA1_BOVIN,269,0,0,0,0
R,S,I,A,V,K,P,
>COL12_HUMAN,269,0,0,0,0
T,V,L,S,S,A,L,
>COMT_HUMAN,269,269,0,0,1
P,G,S,E,A,G,P,
>CONA1_RAT,269,269,0,0,0
V,P,G,C,W,H,K,
>CORIN_HUMAN,269,1,0,0,1
I,Q,T,F,L,L,N,
>CP4Z1_HUMAN,269,0,0,269,0
V,F,A,K,K,V,C,
>CR3L1_MOUSE,269,0,0,269,0
N,T,T,I,K,L,S,
>CR3L2_PONAB,250,0,0,250,0
R,R,V,N,T,T,F,
>CR3L2_RAT,250,0,0,250,0
R,R,V,N,A,T,F,
>CR3L3_BOVIN,250,0,0,250,0
E,A,A,G,G,E,L,
>CR3L3_HUMAN,269,0,0,269,0
E,A,A,G,D,E,L,
>CR3L3_MOUSE,250,0,0,250,0
Q,D,A,L,G,V,L,
>CR3L3_RAT,250,0,0,250,0
Q,D,A,L,G,V,L,
>CR3L4_HUMAN,305,0,305,1,0
V,L,H,A,D,E,M,
>CR3L4_MACFA,250,0,0,250,0
V,L,H,A,D,E,M,
>CR3L4_MOUSE,269,0,0,269,0
M,V,H,T,D,E,M,
>CR3L4_RAT,250,0,0,250,0
M,V,H,A,D,E,M,
>CREB3_BOVIN,250,0,250,250,0
L,Q,G,R,Y,S,G,
>CREB3_HUMAN,269,0,269,269,1
L,Q,D,R,Y,S,G,
>CREB3_MOUSE,250,0,250,250,0
F,Q,G,R,Y,S,G,
>DHI1_CAVPO,269,0,0,269,0
K,L,Y,G,R,W,A,
>DHI1_HUMAN,269,0,0,269,0
M,D,R,F,I,N,K,
>DHI1_MESAU,269,0,0,269,0
F,D,K,L,I,S,S,
>DHI1_RABIT,269,0,0,269,0
I,S,K,L,V,N,N,
>DIK1A_HUMAN,250,0,0,250,0
I,S,Y,T,N,D,S,
>DIK1A_MOUSE,269,0,0,269,0
I,S,Y,T,N,D,S,
>DIK1A_PONAB,250,0,0,250,0
I,S,Y,T,N,D,S,
>DIK1B_HUMAN,250,0,0,250,0
I,S,N,T,K,Y,S,
>DIK1B_MOUSE,269,0,0,269,0
I,S,N,T,N,Y,S,
>DIK1B_RAT,250,0,0,250,0
I,S,N,T,N,Y,S,
>DIK1C_HUMAN,250,0,0,250,0
E,L,Q,E,A,E,K,
>DIK1C_MOUSE,269,0,0,269,0
E,L,Q,E,A,E,K,
>DOPO_BOVIN,305,0,0,0,0
N,I,S,G,G,K,G,
>DOPO_CANLF,250,0,0,0,0
N,I,G,G,G,K,V,
>DOPO_HORSE,250,0,0,0,0
D,I,G,G,G,K,G,
>DOPO_HUMAN,305,0,0,0,0
S,I,G,G,G,K,G,
>DOPO_MOUSE,305,0,0,0,0
T,T,E,A,D,A,E,
>DOPO_RAT,250,0,0,0,0
I,T,H,G,G,R,H,
>DPP10_HUMAN,250,269,0,0,0
Q,E,P,E,E,D,E,
>DPP10_MOUSE,305,269,0,0,0
Q,E,P,E,E,D,E,
>DPP10_RAT,305,269,0,0,0
Q,E,P,E,E,D,E,
>DPP4_BOVIN,250,250,0,0,0
K,Q,C,F,S,L,L,
>DPP4_FELCA,250,250,0,0,0
K,Q,C,F,S,L,P,
>DPP4_MOUSE,250,250,0,0,0
Q,Q,C,F,S,L,H,
>DPP4_PIG,250,250,0,0,0
K,Q,C,F,S,L,P,
>DPP4_RAT,250,250,0,0,0
Q,Q,C,F,S,L,R,
>DPP6_BOVIN,250,250,0,0,0
R,E,D,E,E,E,D,
>DPP6_HUMAN,305,269,0,0,0
K,E,D,E,E,E,D,
>DPP6_MOUSE,305,269,0,0,0
K,E,E,E,E,E,D,
>DPP6_PANTR,250,250,0,0,0
K,E,D,E,E,E,D,
>DPP6_RAT,250,269,0,0,0
K,E,D,E,E,E,D,
>DRS7B_BOVIN,250,0,0,250,0
E,R,K,S,K,H,S,
>DRS7B_HUMAN,250,0,0,250,0
E,R,K,S,K,N,S,
>DRS7B_MOUSE,250,0,0,250,0
E,R,K,S,K,S,S,
>DRS7B_PONAB,250,0,0,250,0
E,R,K,S,K,N,S,
>DRS7B_RAT,269,0,0,269,0
E,R,K,S,K,N,S,
>DYSF_BOVIN,250,250,0,0,0
K,L,V,K,P,F,S,
>DYSF_HUMAN,250,1,0,0,0
K,L,V,K,P,F,S,
>ECE1_RAT,269,269,0,0,0
R,H,K,C,E,V,W,
>ECE2_BOVIN,305,0,269,0,0
G,Q,L,C,E,V,W,
>ECE2_HUMAN,305,0,250,0,0
G,Q,L,C,E,V,W,
>ECE2_MOUSE,305,0,250,0,0
G,Q,L,C,E,V,W,
>EDA_BOVIN,250,250,0,0,0
L,G,E,A,P,A,S,
>EDA_HUMAN,250,250,0,0,0
L,G,E,A,P,A,S,
>EDA_MOUSE,269,269,0,0,0
L,G,E,A,P,A,S,
>EDEM1_HUMAN,269,0,0,269,0
D,Q,M,V,G,L,I,
>EDEM1_MOUSE,305,0,0,250,0
D,Q,M,V,G,L,I,
>EFCE2_BOVIN,305,0,269,0,0
G,Q,L,C,E,V,W,
>EFCE2_MOUSE,250,0,250,0,0
G,Q,L,C,E,V,W,
>ENPP1_RAT,250,250,0,0,0
P,I,F,S,Q,E,D,
>ENPP3_BOVIN,250,250,0,0,0
P,V,F,E,T,V,I,
>ENPP3_HUMAN,305,269,0,0,0
P,T,F,E,T,T,I,
>ENPP3_MOUSE,250,250,0,0,0
P,T,F,E,T,I,I,
>ENPP3_PONAB,250,250,0,0,0
P,T,F,E,T,T,I,
>ENPP3_RAT,250,269,0,0,0
P,T,F,E,T,I,I,
>ERAP1_HUMAN,305,0,0,305,0
S,E,K,L,E,R,M,
>ERAP1_MOUSE,250,0,0,250,0
K,E,K,P,E,L,L,
>ERAP1_RAT,250,0,0,250,0
K,E,R,Q,E,L,L,
>ERAP2_BOVIN,250,0,0,250,0
K,W,L,L,T,S,I,
>ERAP2_HUMAN,269,0,0,269,0
T,W,L,M,V,N,T,
>ERAP2_PONAB,250,0,0,250,0
T,W,L,L,V,N,T,
>ERLN1_HUMAN,269,0,0,269,0
Q,N,K,E,S,T,G,
>ERLN1_MOUSE,250,0,0,250,0
Q,N,K,E,N,A,G,
>ERLN1_PONAB,250,0,0,250,0
Q,N,K,E,S,T,G,
>ERLN2_BOVIN,250,0,0,250,0
M,E,A,D,S,E,N,
>ERLN2_HUMAN,269,0,0,269,0
E,T,A,T,K,E,N,
>ERLN2_MOUSE,250,0,0,250,0
E,A,P,T,K,E,N,
>ERLN2_PONAB,250,0,0,250,0
E,T,A,T,K,E,N,
>ERLN2_RAT,250,0,0,250,0
E,T,A,T,K,D,N,
>EXT1_BOVIN,250,0,250,250,0
Y,R,D,I,E,R,L,
>EXT1_CRIGR,250,0,250,250,0
Y,R,D,I,E,R,L,
>EXT1_HUMAN,269,0,269,269,0
Y,R,D,I,E,R,L,
>EXT1_MOUSE,269,0,269,269,0
Y,R,D,I,E,R,L,
>EXT1_PAPAN,250,0,250,250,0
Y,R,D,I,E,R,L,
>EXT1_PONAB,250,0,250,250,0
Y,R,D,I,E,R,L,
>EXT2_BOVIN,250,0,250,250,0
F,P,N,I,G,S,L,
>EXT2_HUMAN,269,0,269,269,0
F,P,N,I,G,S,L,
>EXT2_MOUSE,269,0,269,250,0
F,P,N,I,G,S,L,
>EXTL1_HUMAN,250,0,0,250,0
Y,R,S,L,E,K,P,
>EXTL1_MOUSE,250,0,0,250,0
Y,R,S,L,E,K,P,
>EXTL2_HUMAN,250,0,0,250,0
A,N,Y,K,R,K,I,
>EXTL2_MOUSE,250,0,0,250,0
A,N,H,K,S,K,M,
>EXTL3_HUMAN,269,0,269,269,0
T,K,C,F,K,F,I,
>EXTL3_MOUSE,250,0,250,250,0
T,K,C,F,K,F,I,
>FICD_CRIGR,250,0,0,250,0
E,T,L,P,V,R,P,
>FICD_HUMAN,305,0,0,269,0
E,T,L,P,V,K,P,
>FICD_MOUSE,250,0,0,250,0
E,T,L,P,V,R,P,
>FICD_RAT,250,0,0,250,0
E,T,L,P,V,R,P,
>FKRP_HUMAN,305,250,269,269,0
L,S,L,T,G,S,G,
>FKRP_MOUSE,305,269,269,250,0
L,L,S,L,T,G,G,
>FKTN_HUMAN,305,0,269,0,0
D,E,V,I,Q,L,Y,
>FKTN_MACFA,250,0,250,0,0
D,E,V,I,Q,L,Y,
>FKTN_MOUSE,305,0,269,305,0
D,E,V,I,Q,L,Y,
>FOLH1_HUMAN,269,269,0,0,1
E,T,L,S,E,V,A,
>FOLH1_MOUSE,250,250,0,0,0
E,T,L,R,E,V,A,
>FOLH1_PIG,250,250,0,0,0
G,T,L,R,E,V,A,
>FOLH1_RAT,250,250,0,0,0
E,T,L,R,E,V,D,
>FUT10_BOVIN,250,0,250,0,0
W,A,L,V,F,K,D,
>FUT10_CANLF,250,0,250,0,0
W,A,L,V,F,K,D,
>FUT10_HUMAN,269,0,269,0,0
W,G,L,V,F,K,D,
>FUT10_MOUSE,250,0,250,0,0
W,A,L,V,F,K,D,
>FUT10_RAT,250,0,250,0,0
L,V,F,K,D,S,F,
>FUT11_HUMAN,250,0,250,0,0
F,M,K,R,Q,H,L,
>FUT11_MOUSE,250,0,250,0,0
M,K,R,N,K,N,L,
>FUT11_RAT,250,0,250,0,0
M,K,R,N,K,N,L,
>FUT1_ALOBE,250,0,250,0,0
L,W,T,L,A,E,P,
>FUT1_ALOCA,250,0,250,0,0
L,W,T,L,A,E,P,
>FUT1_AOTAZ,250,0,250,0,0
L,W,T,L,A,E,P,
>FUT1_AOTNA,250,0,250,0,0
L,W,T,L,A,E,P,
>FUT1_ATEBE,250,0,250,0,0
L,W,T,L,A,E,P,
>FUT1_BOVIN,250,0,250,0,0
A,D,L,S,P,L,Q,
>FUT1_GORGO,250,0,250,0,0
L,W,T,L,A,K,P,
>FUT1_HUMAN,250,0,250,0,0
L,W,T,L,A,K,P,
>FUT1_LAGLA,250,0,250,0,0
L,W,T,L,A,E,P,
>FUT1_LEOCY,250,0,250,0,0
L,W,T,L,A,E,P,
>FUT1_LEOFU,250,0,250,0,0
L,W,T,L,A,E,P,
>FUT1_MICHU,250,0,250,0,0
L,W,T,L,A,E,P,
>FUT1_MOUSE,305,0,305,0,0
D,S,L,F,R,L,V,
>FUT1_PANTR,250,0,250,0,0
L,W,T,L,A,K,P,
>FUT1_PIG,250,0,250,0,0
L,Q,M,L,A,G,P,
>FUT1_PLEBR,250,0,250,0,0
L,W,T,L,A,E,P,
>FUT1_RABIT,250,0,250,0,0
R,P,W,R,F,L,G,
>FUT1_RAT,250,0,250,0,0
D,S,L,F,R,L,A,
>FUT1_SAIBB,250,0,250,0,0
L,W,P,L,A,E,P,
>FUT1_SAISC,250,0,250,0,0
L,W,P,L,A,E,P,
>FUT1_SAPAP,250,0,250,0,0
L,W,T,L,A,E,P,
>FUT2_BOVIN,250,0,250,0,0
L,S,P,L,L,K,H,
>FUT2_GORGO,250,0,250,0,0
L,S,P,L,L,K,H,
>FUT2_HYLLA,250,0,250,0,0
L,S,P,L,L,K,H,
>FUT2_MOUSE,250,0,250,0,0
L,S,P,L,L,K,H,
>FUT2_PANTR,250,0,250,0,0
L,S,P,L,L,K,H,
>FUT2_PIG,250,0,250,0,0
L,S,P,L,L,K,H,
>FUT2_PONPY,250,0,250,0,0
L,S,P,L,L,K,H,
>FUT2_RAT,250,0,250,0,0
L,S,P,L,L,K,H,
>FUT3_BOVIN,250,0,250,0,0
S,I,A,S,W,F,Q,
>FUT3_HUMAN,269,0,1,0,0
S,I,A,A,W,F,T,
>FUT3_PANTR,250,0,250,0,0
S,I,A,A,W,F,T,
>FUT3_PONPY,250,0,250,0,0
S,I,A,A,W,F,T,
>FUT4_BOVIN,250,0,250,0,0
L,A,G,W,F,Q,Q,
>FUT4_PANTR,250,0,250,0,0
L,A,S,W,F,E,R,
>FUT5_GORGO,250,0,250,0,0
S,I,A,A,W,F,T,
>FUT5_HYLLA,250,0,250,0,0
S,I,A,A,W,F,N,
>FUT5_PANTR,250,0,250,0,0
S,I,A,A,W,F,T,
>FUT5_PONPY,250,0,250,0,0
S,I,A,A,W,F,T,
>FUT6_GORGO,250,0,250,0,0
S,I,T,A,W,F,T,
>FUT6_PANTR,250,0,250,0,0
S,I,A,A,W,F,T,
>FUT6_PONPY,250,0,250,0,0
S,I,A,A,W,F,T,
>FUT8_BOVIN,250,0,250,0,0
H,V,P,E,A,E,K,
>FUT8_CANLF,250,0,250,0,0
T,Y,P,E,A,E,K,
>FUT8_HUMAN,250,0,250,0,0
T,Y,P,E,A,E,K,
>FUT8_MOUSE,250,0,250,0,0
T,Y,P,E,A,E,K,
>FUT8_PANTR,250,0,250,0,0
T,Y,P,E,A,E,K,
>FUT8_PIG,250,0,250,0,0
T,Y,P,E,A,D,K,
>FUT8_PONAB,250,0,250,0,0
T,Y,P,E,A,E,K,
>FUT8_RAT,250,0,250,0,0
T,Y,P,E,A,E,K,
>FUT9_BOVIN,250,0,250,0,0
L,E,K,W,F,W,N,
>FUT9_CANLF,250,0,250,0,0
L,E,K,W,F,W,N,
>FUT9_CRIGR,250,0,250,0,0
L,E,K,W,F,W,N,
>FUT9_HUMAN,250,0,250,0,0
L,E,K,W,F,W,N,
>FUT9_MOUSE,250,0,269,0,0
L,E,K,W,F,W,N,
>FUT9_PANTR,250,0,250,0,0
L,E,K,W,F,W,N,
>FUT9_RAT,250,0,250,0,0
L,E,K,W,F,W,N,
>G3ST1_BOVIN,305,0,305,0,0
I,R,D,F,L,R,W,
>G3ST1_HUMAN,305,0,305,0,0
I,R,D,F,L,R,W,
>G3ST1_MOUSE,305,0,305,0,0
L,R,D,F,L,R,W,
>G3ST2_HUMAN,305,0,305,0,0
N,I,P,F,L,G,A,
>G3ST2_MOUSE,305,0,305,0,0
D,I,P,F,L,K,K,
>G3ST2_PIG,305,0,305,0,0
N,I,P,F,L,G,A,
>G3ST3_BOVIN,250,0,250,0,0
R,A,L,R,P,G,H,
>G3ST3_HUMAN,305,0,305,0,0
P,R,G,P,Q,G,P,
>G3ST3_MOUSE,305,0,305,0,0
P,R,I,P,Q,G,T,
>G3ST4_BOVIN,305,0,305,0,0
T,S,R,R,P,S,P,
>G3ST4_HUMAN,305,0,305,0,0
T,S,R,P,L,S,P,
>GAK1B_HUMAN,305,0,305,0,0
K,V,L,P,M,N,E,
>GAK1B_MOUSE,250,0,250,0,0
R,V,L,P,M,N,E,
>GAK1B_RAT,250,0,250,0,0
R,V,L,P,M,N,E,
>GALT1_BOVIN,250,0,250,0,0
V,T,L,P,E,I,F,
>GALT1_MOUSE,250,0,250,0,0
V,T,L,P,E,I,F,
>GALT1_PIG,250,0,250,0,0
V,T,L,P,E,I,F,
>GALT1_RAT,250,0,250,0,0
V,T,L,P,E,I,F,
>GALT2_HUMAN,269,0,269,0,0
F,T,L,N,L,Q,Q,
>GALT3_HUMAN,269,0,269,0,0
W,I,L,S,Q,N,D,
>GALT3_MOUSE,250,0,250,0,0
W,I,F,S,Q,N,D,
>GALT4_HUMAN,305,0,305,0,0
Q,I,W,S,F,E,K,
>GALT4_MOUSE,250,0,250,0,0
Q,L,W,R,F,E,K,
>GALT5_HUMAN,250,0,250,0,0
F,E,K,Y,Y,E,A,
>GALT5_MOUSE,250,0,250,0,0
F,E,K,Y,Y,E,V,
>GALT5_RAT,250,0,250,0,0
F,E,K,Y,Y,D,V,
>GALT6_BOVIN,250,0,250,0,0
H,Q,H,W,L,F,I,
>GALT6_HUMAN,250,0,250,0,0
H,Q,L,W,L,F,V,
>GALT6_MOUSE,250,0,250,0,0
Y,Q,L,W,L,F,V,
>GALT7_HUMAN,250,0,250,0,0
M,N,N,I,H,S,V,
>GALT7_MOUSE,250,0,250,0,0
M,N,N,I,H,S,V,
>GALT7_PONAB,250,0,250,0,0
M,N,N,I,H,S,V,
>GALT7_RAT,250,0,250,0,0
M,N,N,I,H,S,V,
>GALT8_HUMAN,250,0,250,0,0
W,G,Q,T,N,S,Q,
>GALT9_HUMAN,250,0,250,0,0
W,I,K,H,A,R,H,
>GALT9_MACFA,250,0,250,0,0
W,I,K,H,A,R,H,
>GBGT1_CANLF,250,0,250,0,0
A,T,S,W,L,R,S,
>GBGT1_HUMAN,305,0,305,0,0
D,I,S,C,L,R,S,
>GBGT1_MOUSE,250,0,250,0,0
N,A,N,W,L,R,T,
>GCNT1_BOVIN,250,0,250,0,0
A,L,E,T,L,K,P,
>GCNT1_HUMAN,269,0,269,0,0
A,L,E,T,L,K,H,
>GCNT1_MOUSE,250,0,250,0,0
A,L,E,N,L,E,H,
>GCNT3_BOSMU,250,0,250,0,0
A,I,Y,G,T,E,L,
>GCNT3_BOVIN,250,0,250,0,0
A,I,Y,G,T,E,L,
>GCNT3_BUBBU,250,0,250,0,0
A,I,Y,G,T,E,L,
>GCNT3_HUMAN,250,0,250,0,0
A,I,Y,G,T,E,L,
>GCNT3_MOUSE,250,0,250,0,0
A,I,Y,G,T,E,L,
>GCNT3_RAT,250,0,250,0,0
A,I,Y,G,T,E,L,
>GCNT3_SHEEP,250,0,250,0,0
A,I,Y,G,T,E,L,
>GCNT3_SYNCA,250,0,250,0,0
A,I,Y,G,T,E,L,
>GCNT4_HUMAN,250,0,250,0,0
R,N,L,T,T,T,S,
>GCNT4_MOUSE,250,0,250,0,0
T,R,Q,S,H,T,L,
>GCNT7_HUMAN,250,0,250,0,0
F,N,M,R,L,N,R,
>GCNT7_MOUSE,250,0,250,0,0
F,N,S,Q,P,H,H,
>GCNT7_PIG,250,0,250,0,0
L,N,R,R,L,N,P,
>GGT1_HUMAN,250,269,0,0,0
G,G,E,P,A,G,Y,
>GGT1_MOUSE,250,250,0,0,0
G,G,E,P,A,G,Y,
>GGT1_PIG,250,250,0,0,0
G,G,E,P,A,G,Y,
>GGT1_RAT,305,250,0,0,0
G,G,E,P,A,G,Y,
>GGT5_HUMAN,250,0,0,0,0
S,G,E,A,A,G,Y,
>GGT5_MOUSE,269,0,0,0,0
A,G,K,A,S,G,Y,
>GGT5_RAT,250,0,0,0,0
A,G,K,A,S,G,Y,
>GGTA1_ALOCA,250,0,250,0,0
N,L,V,R,N,N,V,
>GGTA1_CALJA,250,0,250,0,0
N,L,V,R,N,K,V,
>GGTA1_FELCA,250,0,250,0,0
N,L,V,R,N,N,I,
>GGTA1_HUMAN,250,0,250,0,0
G,T,G,L,I,Q,T,
>GGTA1_LEMCA,250,0,250,0,0
N,L,V,R,N,N,V,
>GGTA1_LORTA,250,0,250,0,0
H,L,V,R,N,N,V,
>GGTA1_RAT,269,0,269,0,0
N,L,V,R,S,N,V,
>GGTA1_SAPAP,250,0,250,0,0
N,L,V,R,N,N,V,
>GLCE_BOVIN,250,0,250,0,0
G,S,R,A,K,H,N,
>GLCE_HUMAN,250,0,250,0,0
G,S,R,A,K,H,N,
>GLCE_MOUSE,269,0,269,0,0
G,S,R,A,K,H,N,
>GLDN_HUMAN,250,269,0,0,0
L,S,T,T,L,N,Q,
>GLDN_MOUSE,305,269,0,0,0
S,A,A,S,S,Q,R,
>GLDN_RAT,269,269,0,0,0
S,T,A,P,S,Q,R,
>GLT10_HUMAN,250,0,250,0,0
L,E,K,F,N,R,N,
>GLT10_MOUSE,250,0,250,0,0
L,E,N,F,N,K,N,
>GLT10_RAT,250,0,250,0,0
L,E,N,F,N,R,N,
>GLT11_HUMAN,269,0,269,0,0
Q,Q,W,H,L,E,G,
>GLT11_MOUSE,250,0,250,0,0
Q,Q,W,R,L,E,G,
>GLT11_RAT,250,0,250,0,0
Q,Q,W,R,L,E,G,
>GLT12_HUMAN,250,0,250,0,0
F,F,K,E,R,M,L,
>GLT12_MOUSE,250,0,250,0,0
F,F,K,E,R,M,S,
>GLT13_HUMAN,250,0,250,0,0
R,N,M,T,L,G,T,
>GLT13_MOUSE,250,0,250,0,0
R,N,M,T,L,G,T,
>GLT13_RAT,250,0,250,0,0
R,N,M,T,L,G,T,
>GLT14_HUMAN,250,0,250,0,0
H,W,D,M,V,S,S,
>GLT14_MOUSE,250,0,250,0,0
H,W,D,I,V,S,S,
>GLT15_HUMAN,250,0,250,0,0
I,N,A,V,D,E,R,
>GLT15_MOUSE,250,0,250,0,0
I,H,P,V,D,E,R,
>GLT16_HUMAN,250,0,250,0,0
W,Q,L,L,P,H,T,
>GLT16_MOUSE,250,0,250,0,0
W,Q,L,L,P,H,T,
>GLT17_HUMAN,250,0,250,0,0
T,I,K,N,S,I,K,
>GLT17_MOUSE,250,0,250,0,0
A,I,K,N,P,I,K,
>GLT18_HUMAN,250,0,250,0,0
V,L,R,S,L,A,S,
>GLT18_MOUSE,250,0,250,0,0
V,L,R,S,L,V,S,
>GLTL5_HUMAN,305,0,0,0,0
E,A,S,V,N,S,L,
>GLTL5_MACFA,305,0,0,0,0
E,A,S,V,N,R,S,
>GLTL5_MOUSE,305,0,0,0,0
K,R,K,K,N,R,F,
>GLTL6_HUMAN,250,0,250,0,0
F,N,H,H,A,N,S,
>GNT2A_HUMAN,250,0,250,0,0
I,Q,P,S,W,Y,F,
>GOLI4_MOUSE,250,0,250,0,0
S,H,R,R,A,E,M,
>GOLI4_RAT,269,0,269,0,0
S,H,R,R,A,E,M,
>GOLM1_HUMAN,269,0,269,0,0
E,K,R,N,H,T,L,
>GOLM1_MOUSE,250,0,250,0,0
I,H,I,P,Q,Q,A,
>GTA1L_MOUSE,250,0,250,0,0
I,K,I,A,W,K,P,
>GTA1L_RAT,250,0,250,0,0
A,W,Q,P,R,I,T,
>HEPS_HUMAN,269,269,0,0,0
S,G,M,V,T,Q,L,
>HEPS_MOUSE,250,250,0,0,1
S,G,M,V,T,Q,P,
>HEPS_RAT,250,250,0,0,0
T,G,M,V,T,Q,P,
>HG2A_MOUSE,250,250,250,250,1
E,L,G,Q,V,T,L,
>HG2A_RAT,250,250,250,250,1
D,M,G,Q,M,F,L,
>HN_PIV5,305,305,0,0,0
I,R,Q,V,T,L,S,
>HN_PIV5C,305,305,0,0,0
I,R,Q,V,T,L,S,
>HN_PIV5D,305,305,0,0,0
I,R,Q,V,T,L,S,
>HN_PIV5L,305,305,0,0,0
I,R,Q,V,T,L,S,
>HS2ST_CRILO,250,0,250,0,0
K,I,Y,P,K,S,N,
>HS2ST_HUMAN,250,0,250,0,0
K,I,Y,P,K,S,N,
>HS2ST_MOUSE,269,0,269,0,0
K,I,Y,P,K,S,N,
>HS2ST_PONAB,250,0,250,0,0
K,I,Y,P,K,S,N,
>HS3S2_HUMAN,305,0,305,0,0
G,Q,D,F,R,W,E,
>HS3S2_MOUSE,305,0,305,0,0
G,Q,D,F,R,W,E,
>HS3S2_RAT,305,0,305,0,0
G,Q,D,F,R,W,E,
>HS3S4_HUMAN,305,0,305,0,0
E,Q,E,E,G,D,K,
>HS3S5_HUMAN,305,0,305,0,0
G,R,T,L,N,W,P,
>HS3S5_MOUSE,305,0,305,0,0
G,R,T,L,N,W,P,
>HS3S6_HUMAN,305,0,305,0,0
G,Q,D,F,G,W,G,
>HS3S6_MOUSE,305,0,305,0,0
G,Q,D,F,G,W,D,
>HS3SA_HUMAN,305,0,305,0,0
H,D,F,G,W,D,G,
>HS3SA_MOUSE,305,0,305,0,0
R,D,F,G,W,D,G,
>HS3SB_HUMAN,305,0,305,0,0
G,H,D,F,G,W,D,
>HS3SB_MOUSE,305,0,305,0,0
G,R,D,F,G,W,D,
>IEX1_HUMAN,269,0,0,0,0
Q,Q,H,P,A,A,F,
>IFM2_HUMAN,305,305,0,0,0
L,V,V,Q,A,Q,R,
>IFM2_MOUSE,250,250,0,0,0
R,T,P,H,S,G,F,
>IFM3_HUMAN,305,269,0,0,1
L,I,F,Q,A,Y,G,
>IFM3_MOUSE,250,250,0,0,1
N,A,Q,N,L,H,T,
>IFM3_RAT,250,250,0,0,1
N,A,P,R,L,Q,T,
>IMPA3_BOVIN,250,0,250,0,0
L,E,K,T,G,H,K,
>IMPA3_CALJA,250,0,250,0,0
D,L,E,K,M,G,H,
>IMPA3_HUMAN,269,0,269,0,0
L,E,K,T,G,H,K,
>IMPA3_MOUSE,250,0,269,0,0
D,L,E,K,S,G,H,
>IMPA3_PIG,250,0,250,0,0
L,E,K,T,G,H,K,
>IMPA3_RAT,250,0,250,0,0
D,L,E,K,S,G,H,
>ITM2B_BOVIN,250,250,250,0,0
V,E,T,L,I,C,P,
>ITM2B_HUMAN,269,269,269,0,0
V,E,T,L,I,C,S,
>ITM2B_MACFA,250,250,250,0,0
V,E,T,L,I,C,S,
>ITM2B_MOUSE,250,250,250,0,0
V,E,T,L,I,C,S,
>ITM2B_PANTR,250,250,250,0,0
V,E,T,L,I,C,S,
>ITM2B_PONAB,250,250,250,0,0
V,E,T,L,I,C,S,
>ITM2B_RAT,250,250,250,0,0
V,E,T,L,I,C,S,
>ITM2C_BOVIN,250,250,0,0,0
T,L,I,C,G,V,V,
>ITM2C_HUMAN,269,269,0,0,0
T,L,I,C,G,V,V,
>ITM2C_MACFA,250,250,0,0,0
T,L,I,C,G,V,V,
>ITM2C_MOUSE,250,250,0,0,0
T,L,I,C,G,V,V,
>ITM2C_PIG,250,250,0,0,0
T,L,I,C,G,V,V,
>ITM2C_PONAB,250,250,0,0,0
T,L,I,C,G,V,V,
>ITM2C_RAT,250,250,0,0,0
T,L,I,C,G,V,V,
>KKLC1_HUMAN,269,269,0,0,0
S,P,H,R,K,S,T,
>KLRF2_HUMAN,269,269,0,0,0
H,N,G,T,S,G,V,
>KLRG1_HUMAN,269,269,0,0,0
F,A,D,Q,A,L,F,
>KLRG1_MOUSE,269,269,0,0,0
I,C,K,K,V,L,Y,
>KTN1_MOUSE,269,0,0,269,1
Q,Q,L,T,K,E,T,
>LAP2B_MOUSE,250,0,0,0,0
Q,D,T,K,I,S,N,
>LARG1_HUMAN,269,0,269,0,0
L,T,A,E,N,N,S,
>LARG1_MOUSE,250,0,250,0,0
L,T,A,E,N,N,S,
>LARG2_HUMAN,305,0,269,0,0
P,Q,S,P,A,R,G,
>LARG2_MOUSE,305,0,269,0,0
Q,Q,A,R,S,R,A,
>LARG2_RAT,305,0,250,0,0
Q,Q,S,R,S,R,A,
>LCAP_HUMAN,269,269,0,0,0
K,S,L,T,W,W,L,
>LCAP_MOUSE,250,250,0,0,0
K,T,L,S,Q,W,L,
>LFNG_BOVIN,250,0,250,0,0
C,P,R,S,A,I,F,
>LFNG_HUMAN,250,0,250,0,0
C,P,R,T,A,I,F,
>LFNG_MOUSE,250,0,250,0,0
C,P,R,S,A,I,F,
>LFNG_RAT,250,0,250,0,0
C,P,R,T,A,I,L,
>LRC59_BOVIN,250,0,0,250,0
L,Q,T,D,S,Q,Q,
>LRC59_MOUSE,250,0,0,250,0
L,Q,T,D,S,Q,Q,
>LRC59_RAT,250,0,0,250,0
L,Q,T,D,S,Q,Q,
>MA1A1_PIG,269,0,0,269,0
K,V,E,D,N,E,K,
>MA1B1_HUMAN,269,0,0,269,0
L,P,I,W,T,P,A,
>MA2A1_HUMAN,250,0,250,0,0
T,F,R,I,Q,L,R,
>MA2A2_HUMAN,250,0,250,0,0
T,F,R,L,R,L,G,
>MA2A2_MOUSE,250,0,250,0,0
T,F,R,L,R,L,G,
>MANEA_HUMAN,269,0,269,0,0
D,R,Q,L,P,V,S,
>MANEA_MOUSE,250,0,250,0,0
D,Q,Q,Q,P,A,S,
>MANEA_PONAB,250,0,250,0,0
D,H,Q,L,P,V,S,
>MANEA_RAT,269,0,269,0,0
D,Q,Q,L,P,A,S,
>MANEL_HUMAN,250,0,250,0,0
E,K,E,Q,W,L,M,
>MANEL_MOUSE,250,0,250,0,0
E,K,E,Q,W,L,M,
>MARC1_HUMAN,269,0,0,0,0
P,V,Y,L,L,G,Q,
>MARC1_MOUSE,250,0,0,0,0
P,V,Y,L,L,G,Q,
>MARCO_HUMAN,305,269,0,0,0
A,G,V,E,C,S,V,
>MARCO_MESAU,305,269,0,0,0
D,A,G,V,E,C,R,
>MARCO_MOUSE,305,269,0,0,0
D,A,G,V,E,C,S,
>MFNG_HUMAN,250,0,250,0,0
C,P,Q,L,G,A,R,
>MFNG_MOUSE,250,0,250,0,0
C,P,L,L,A,A,P,
>MFNG_PANTR,250,0,250,0,0
C,P,Q,L,G,A,R,
>MFRP_HUMAN,250,250,0,0,0
L,E,A,C,A,Q,P,
>MFRP_MOUSE,269,269,0,0,0
L,E,A,C,S,Q,P,
>MGAT1_HUMAN,305,0,269,0,1
G,Y,D,P,S,W,N,
>MGAT1_MOUSE,250,0,250,0,0
G,Y,D,P,S,W,N,
>MGAT1_RABIT,250,0,250,0,0
G,Y,D,P,S,W,T,
>MGAT2_HUMAN,305,0,269,0,0
K,S,Y,R,R,L,Q,
>MGAT2_MOUSE,250,0,250,0,0
K,S,Y,R,R,L,Q,
>MGAT2_PIG,250,0,250,0,0
K,S,Y,R,R,L,Q,
>MGAT2_RAT,250,0,250,0,0
K,S,Y,R,R,L,Q,
>MGT4A_BOVIN,250,0,250,0,0
H,I,K,K,V,T,N,
>MGT4A_HUMAN,250,0,250,0,0
H,I,K,K,A,T,N,
>MGT4A_MACFA,250,0,250,0,0
H,I,K,K,A,T,K,
>MGT4A_MOUSE,250,0,250,0,0
H,I,K,K,V,T,S,
>MGT4A_PONAB,250,0,250,0,0
H,I,K,K,A,T,N,
>MGT4A_RAT,250,0,250,0,0
H,I,K,K,V,T,S,
>MGT4B_HUMAN,250,0,250,0,0
I,F,L,K,K,A,D,
>MGT4B_MOUSE,250,0,250,0,0
I,F,L,K,K,A,D,
>MGT4C_HUMAN,250,0,250,0,0
S,I,S,I,W,T,S,
>MGT4C_MACFA,250,0,250,0,0
S,I,S,I,W,T,S,
>MGT4C_MOUSE,250,0,250,0,0
S,I,S,I,W,T,S,
>MGT4C_PIG,250,0,250,0,0
S,I,S,I,W,T,S,
>MGT4D_HUMAN,305,0,250,305,0
E,Q,Y,E,K,K,I,
>MGT4D_MOUSE,250,0,250,269,1
H,L,K,D,N,Y,Y,
>MGT4D_RAT,305,0,269,305,0
H,L,K,D,H,Y,Y,
>MGT5A_CRIGR,250,0,269,0,0
A,L,C,K,D,C,L,
>MGT5A_HUMAN,269,0,250,0,0
A,L,C,K,D,C,L,
>MGT5A_MOUSE,250,0,250,0,0
A,L,C,K,D,C,L,
>MGT5A_RAT,250,0,250,0,0
A,L,C,K,D,C,L,
>MGT5B_HUMAN,250,0,250,0,0
A,L,C,Q,G,C,L,
>MGT5B_MOUSE,269,0,269,0,0
A,L,C,Q,G,C,L,
>MMEL1_MOUSE,269,0,0,0,0
M,K,R,C,R,I,W,
>MMP23_BOVIN,250,0,0,250,0
W,R,I,R,V,R,S,
>MMP23_HUMAN,269,0,0,250,0
W,R,V,R,V,R,G,
>MMP23_MOUSE,269,0,0,250,0
W,R,V,R,V,R,N,
>MOGS_MOUSE,250,0,0,250,0
L,I,M,A,E,E,Y,
>MOGS_RAT,269,0,0,269,0
L,I,M,A,E,E,Y,
>MYOF_MOUSE,250,250,0,0,0
K,I,V,R,P,N,A,
>MYORG_HUMAN,250,0,0,269,0
A,Y,F,T,W,A,S,
>MYORG_MOUSE,269,0,0,269,0
A,Y,F,T,W,A,S,
>NALD2_HUMAN,250,250,0,0,0
G,T,L,K,E,V,L,
>NALD2_MOUSE,250,250,0,0,0
G,T,L,T,N,V,L,
>NALDL_HUMAN,250,250,0,0,0
L,R,P,V,A,D,L,
>NALDL_MOUSE,250,250,0,0,0
L,V,P,V,A,D,L,
>NALDL_RAT,305,269,0,0,0
L,Q,P,V,T,D,L,
>NAT8_MOUSE,250,0,250,250,0
S,A,Q,K,Y,E,L,
>NAT8_RAT,250,0,250,250,0
I,Y,P,L,P,S,S,
>NCEH1_BOVIN,250,250,0,0,0
K,W,L,D,Q,N,L,
>NCEH1_HUMAN,305,269,0,0,0
K,W,L,D,Q,N,L,
>NCEH1_MOUSE,250,250,0,0,0
K,W,L,D,Q,N,L,
>NCEH1_PONAB,250,250,0,0,0
K,W,L,D,Q,N,L,
>NCEH1_RAT,250,250,0,0,0
K,W,L,D,Q,N,L,
>NDST1_HUMAN,269,0,269,0,0
E,D,L,Q,N,T,R,
>NDST1_MOUSE,250,0,250,0,0
E,D,L,Q,N,T,R,
>NDST1_RAT,269,0,269,0,0
E,D,L,Q,N,T,R,
>NDST2_BOVIN,250,0,250,0,0
L,Q,H,S,S,S,G,
>NDST2_HUMAN,250,0,250,0,0
L,Q,H,S,S,L,G,
>NDST2_MOUSE,250,0,250,0,0
L,Q,H,S,S,V,G,
>NDST3_HUMAN,250,0,250,0,0
Q,E,L,Q,K,V,R,
>NDST3_MOUSE,250,0,250,0,0
Q,E,L,Q,K,V,R,
>NDST4_HUMAN,250,0,250,0,0
Q,E,L,Q,K,V,R,
>NDST4_MOUSE,250,0,250,0,0
Q,E,L,Q,K,V,R,
>NF2L1_BOVIN,250,0,0,250,0
K,P,K,D,R,R,K,
>NF2L1_HUMAN,269,0,0,269,0
K,P,K,D,R,R,K,
>NF2L1_MOUSE,250,0,0,269,1
K,P,K,D,R,R,K,
>NF2L1_PONAB,250,0,0,250,0
K,P,K,D,R,R,K,
>NKG2D_HUMAN,269,269,0,0,0
I,C,M,Q,R,T,V,
>NKG2D_MOUSE,269,269,0,0,0
I,C,M,K,R,A,V,
>NSG1_HUMAN,250,0,250,269,0
E,A,A,E,K,S,A,
>NSG1_MACFA,250,0,250,250,0
E,A,A,E,K,S,A,
>NSG1_MOUSE,250,0,250,250,0
E,A,A,E,K,S,A,
>NSG1_PONAB,250,0,250,250,0
E,A,A,E,K,S,A,
>NSG1_RAT,269,0,269,250,0
E,A,A,E,K,S,A,
>NSG2_BOVIN,250,0,250,0,0
P,P,K,T,Q,G,H,
>NSG2_HUMAN,250,0,250,0,0
P,P,K,T,Q,G,H,
>NSG2_MOUSE,250,0,269,0,0
P,P,K,T,Q,G,H,
>NSG2_RAT,269,0,250,0,0
P,P,K,T,Q,G,H,
>NSMA5_MOUSE,250,0,0,269,0
K,L,Q,V,V,C,S,
>OLR1_BOVIN,269,269,0,0,0
A,N,L,L,R,A,Q,
>OTOF_HUMAN,250,250,250,250,0
V,K,K,I,L,G,A,
>OTOF_RAT,250,250,250,250,0
V,K,K,L,L,G,A,
>P4HTM_HUMAN,269,0,0,269,0
R,D,A,R,V,E,L,
>P4HTM_MOUSE,250,0,0,250,0
S,D,A,R,V,E,L,
>PCAT1_HUMAN,305,305,250,269,0
P,V,R,K,K,L,D,
>PCAT1_MOUSE,250,305,269,269,0
N,S,C,K,K,A,D,
>PCAT1_RAT,250,250,250,250,0
N,S,C,K,K,V,D,
>PCAT2_HUMAN,305,250,250,269,0
T,S,D,K,K,D,D,
>PCAT2_MOUSE,250,305,269,269,0
T,S,D,K,K,V,D,
>PCAT2_RAT,250,250,250,250,0
T,S,G,K,K,V,D,
>PEX26_HUMAN,269,0,0,0,0
Y,Q,L,R,I,R,D,
>PEX26_MACFA,250,0,0,0,0
Y,Q,L,R,I,R,D,
>PEX26_MOUSE,250,0,0,0,0
Y,P,L,A,L,R,D,
>PHEX_HUMAN,269,269,0,0,0
M,D,S,C,R,L,W,
>PHEX_MOUSE,305,269,0,0,0
A,D,S,C,R,L,W,
>PLD3_BOVIN,250,0,250,250,0
G,N,A,C,R,L,L,
>PLD3_HUMAN,269,0,269,269,0
G,N,A,C,R,L,L,
>PLD3_MACFA,250,0,250,250,0
G,N,A,C,R,L,L,
>PLD3_MOUSE,250,0,250,250,0
G,N,A,C,R,L,L,
>PLD3_PONAB,250,0,250,250,0
G,N,A,C,R,L,L,
>PLD3_RAT,250,0,250,250,0
G,N,A,C,R,L,L,
>PLD4_HUMAN,250,0,250,250,0
Q,D,C,V,W,Q,G,
>PLD4_MOUSE,305,0,269,269,0
P,S,Q,D,C,V,W,
>PLPL2_BOVIN,250,250,0,0,0
P,P,S,S,P,P,C,
>PLPL2_RAT,250,250,0,0,0
P,S,G,L,P,P,C,
>PLPL3_HUMAN,269,0,0,0,0
F,S,L,E,K,S,L,
>PLS1_HUMAN,269,269,0,0,0
E,Q,K,S,G,V,W,
>PLS1_MOUSE,250,250,0,0,0
Q,R,S,G,A,W,Q,
>PLS1_RAT,250,250,0,0,0
E,Q,R,S,G,V,W,
>PLS3_HUMAN,250,0,0,0,0
G,P,S,A,V,T,S,
>PLS3_MOUSE,250,0,0,0,0
G,P,S,A,I,T,S,
>PLS3_RAT,305,0,0,0,0
G,P,S,A,I,T,S,
>PMGT1_BOVIN,250,0,250,0,0
P,G,A,A,E,Q,T,
>PMGT1_HUMAN,305,0,269,0,0
P,G,A,P,E,Q,T,
>PMGT1_MOUSE,250,0,250,0,0
P,G,A,A,E,Q,T,
>PMGT1_PONAB,250,0,250,0,0
P,G,A,A,E,Q,T,
>PMGT1_RAT,250,0,250,0,0
P,G,A,A,E,Q,T,
>PMGT2_BOVIN,250,0,0,250,0
D,V,L,V,C,S,T,
>PMGT2_CANLF,250,0,0,250,0
D,V,L,V,C,N,T,
>PMGT2_HUMAN,269,0,0,269,0
D,V,L,V,C,N,T,
>PMGT2_MOUSE,250,0,0,250,0
F,P,G,P,Q,F,C,
>PMGT2_PANTR,250,0,0,250,0
D,V,L,V,C,N,T,
>PMGT2_RAT,250,0,0,250,0
D,V,L,V,C,S,T,
>PRRT1_HUMAN,250,250,0,0,0
H,E,N,Y,W,D,P,
>PRRT1_MOUSE,250,305,0,0,0
H,E,N,Y,W,D,P,
>PRRT1_RAT,305,269,0,0,0
H,E,N,Y,W,D,P,
>RDH11_HUMAN,269,0,0,269,0
L,L,G,L,P,I,D,
>RDH11_MOUSE,269,0,0,269,0
L,G,L,P,V,D,W,
>RFNG_HUMAN,305,0,305,0,0
Q,G,A,P,T,S,R,
>RFNG_MOUSE,305,0,305,0,0
R,V,E,G,A,F,Q,
>RFNG_RAT,305,0,305,0,0
R,G,K,E,A,F,Q,
>RXLT1_HUMAN,305,0,269,0,0
F,L,M,N,N,K,S,
>RXLT1_MOUSE,250,0,250,0,0
F,F,I,N,N,K,V,
>SACA3_HUMAN,305,0,0,0,1
W,V,D,G,C,D,F,
>SACA3_MOUSE,305,0,0,0,1
W,V,D,G,C,D,F,
>SACA3_PANTR,250,0,0,0,0
W,V,D,G,C,D,F,
>SC11A_BOVIN,250,0,0,250,0
F,V,L,V,H,R,E,
>SC11A_HUMAN,250,0,0,250,0
F,V,L,V,H,R,E,
>SC11A_MOUSE,250,0,0,250,0
F,V,L,V,H,R,E,
>SC11A_PONAB,250,0,0,250,0
F,V,L,V,H,R,E,
>SC11A_RAT,250,0,0,250,0
F,V,L,V,H,R,E,
>SC11C_HUMAN,250,0,0,250,0
V,L,L,K,R,E,S,
>SC11C_MOUSE,250,0,0,250,0
V,L,L,K,R,E,S,
>SC11C_PONAB,250,0,0,250,0
V,L,L,K,R,E,S,
>SC11C_RAT,250,0,0,250,0
V,L,L,K,R,E,S,
>SCAR3_HUMAN,269,0,269,269,0
P,G,S,Q,S,F,Y,
>SCAR3_MOUSE,250,0,250,250,0
P,G,N,Q,S,P,Y,
>SCAR5_MOUSE,269,269,0,0,0
G,V,T,C,T,V,P,
>SEC1_BOVIN,250,0,250,0,0
Q,A,R,E,S,H,P,
>SEC1_MOUSE,250,0,250,0,0
R,H,W,G,A,L,L,
>SG196_HUMAN,305,0,0,305,0
S,Q,A,R,E,M,L,
>SG196_MACFA,250,0,0,250,0
S,Q,A,R,E,M,L,
>SG196_MOUSE,250,0,0,250,0
S,Q,T,K,E,M,L,
>SG196_RAT,250,0,0,250,0
S,Q,T,K,E,M,L,
>SGCB_BOVIN,250,250,0,0,0
N,P,C,G,D,L,Y,
>SGCB_HUMAN,250,250,0,0,0
N,P,C,G,N,T,H,
>SGCB_MESAU,250,250,0,0,0
N,P,C,G,N,T,H,
>SGCB_MOUSE,269,269,0,0,0
N,P,C,G,N,T,H,
>SGCB_PONAB,250,250,0,0,0
N,P,C,G,N,T,H,
>SGCB_RABIT,250,250,0,0,0
N,P,C,G,N,T,H,
>SGCD_MESAU,250,250,0,0,0
I,N,T,S,V,C,L,
>SGCD_MOUSE,269,269,0,0,0
I,N,T,S,V,C,L,
>SGCG_BOVIN,250,250,0,0,0
E,H,S,H,L,C,L,
>SGCG_CANLF,250,250,0,0,0
E,H,S,H,I,C,L,
>SGCG_HUMAN,250,250,0,0,0
E,H,N,H,I,C,L,
>SGCG_MESAU,250,250,0,0,0
E,H,S,H,I,C,L,
>SGCG_MOUSE,269,269,0,0,0
E,H,S,H,V,C,L,
>SGCZ_HUMAN,250,250,0,0,0
S,N,I,C,L,W,S,
>SGCZ_MOUSE,250,250,0,0,0
S,S,I,C,L,W,N,
>SH_PIV5,305,305,0,0,0
T,L,R,H,L,L,S,
>SIA10_BOVIN,305,0,305,0,0
V,T,D,L,T,Q,E,
>SIA10_HUMAN,305,0,305,0,0
V,I,N,L,T,Q,D,
>SIA10_MOUSE,305,0,305,0,0
K,M,V,I,N,L,T,
>SIA10_PANTR,305,0,305,0,0
V,I,N,L,T,Q,D,
>SIA10_PONAB,305,0,305,0,0
V,I,N,L,T,Q,D,
>SIA10_RAT,305,0,305,0,0
V,I,N,L,T,Q,N,
>SIA4C_MOUSE,250,0,250,0,0
V,K,N,L,T,Y,F,
>SIA4C_PANTR,250,0,250,0,0
V,K,N,L,T,S,F,
>SIA4C_RAT,250,0,250,0,0
V,K,N,L,T,Y,F,
>SIA7A_HUMAN,305,0,305,0,0
G,T,A,K,A,K,N,
>SIA7A_MOUSE,305,0,305,0,0
Q,S,D,K,A,K,N,
>SIA7B_HUMAN,305,0,305,0,0
I,L,Q,L,Y,Q,R,
>SIA7B_MOUSE,305,0,305,0,0
I,L,W,L,Y,Q,R,
>SIA7C_HUMAN,305,0,305,0,0
H,P,N,W,T,L,S,
>SIA7C_MOUSE,305,0,305,0,0
H,P,N,W,T,L,S,
>SIA7C_RAT,305,0,305,0,0
H,P,N,W,T,V,S,
>SIA7D_HUMAN,250,0,250,0,0
H,P,S,W,R,T,E,
>SIA7D_MOUSE,250,0,250,0,0
H,P,S,W,R,A,K,
>SIA7E_HUMAN,250,0,250,0,0
P,E,N,K,P,V,F,
>SIA7F_BOVIN,250,0,250,0,0
F,S,H,P,S,W,T,
>SIA7F_HUMAN,250,0,250,0,0
F,S,H,P,S,W,T,
>SIA7F_MOUSE,250,0,250,0,0
F,S,H,P,S,W,T,
>SIA8A_BOVIN,305,0,305,0,0
N,S,L,Q,P,T,S,
>SIA8A_HUMAN,305,0,305,0,0
T,S,L,Q,P,T,S,
>SIA8A_MOUSE,305,0,305,0,0
P,S,P,Q,P,T,S,
>SIA8A_PANTR,305,0,305,0,0
T,S,L,Q,P,T,S,
>SIA8B_HUMAN,305,0,305,0,0
G,Q,C,D,G,A,T,
>SIA8B_MOUSE,305,0,305,0,0
G,Q,C,D,G,A,T,
>SIA8B_PANTR,305,0,305,0,0
G,Q,C,D,G,A,T,
>SIA8B_RAT,305,0,305,0,0
G,Q,C,D,G,A,T,
>SIA8C_HUMAN,305,0,305,0,0
L,T,L,S,H,C,A,
>SIA8C_MOUSE,305,0,305,0,0
L,T,L,S,H,C,A,
>SIA8C_PANTR,305,0,305,0,0
L,T,L,S,H,C,A,
>SIA8D_BOVIN,305,0,305,0,0
T,G,K,C,I,K,Q,
>SIA8D_CRIGR,305,0,305,0,0
T,G,K,C,M,K,Q,
>SIA8D_HUMAN,305,0,305,0,0
T,G,K,C,V,K,Q,
>SIA8D_MOUSE,305,0,305,0,0
T,G,K,C,M,K,Q,
>SIA8D_PANTR,305,0,305,0,0
T,G,K,C,V,K,Q,
>SIA8F_HUMAN,305,0,305,0,0
F,S,K,C,E,V,A,
>SIA8F_MOUSE,305,0,305,0,0
F,S,K,C,E,T,A,
>SIA8F_PANTR,305,0,305,0,0
F,S,K,C,E,V,A,
>SIAT1_HUMAN,305,0,269,0,0
G,F,R,T,I,H,C,
>SIAT1_RAT,305,0,269,0,0
G,F,R,N,I,R,C,
>SIAT2_BOVIN,250,0,250,0,0
V,R,C,P,P,G,A,
>SIAT2_HUMAN,250,0,250,0,0
S,P,V,I,P,H,S,
>SIAT2_MOUSE,250,0,250,0,0
S,P,N,N,T,H,S,
>SIAT2_PANTR,250,0,250,0,0
S,P,V,I,P,H,S,
>SIAT2_RAT,250,0,250,0,0
R,P,N,N,T,N,T,
>SIAT6_PANTR,250,0,250,0,0
T,D,L,S,S,G,I,
>SIAT9_BOVIN,305,0,305,0,0
G,G,I,H,S,E,F,
>SIAT9_HUMAN,305,0,305,0,0
G,G,I,D,R,E,F,
>SIAT9_MOUSE,305,0,305,0,0
D,L,S,G,G,I,H,
>SIAT9_PANTR,305,0,305,0,0
G,G,I,D,R,E,F,
>SIAT9_RAT,305,0,305,0,0
D,L,S,G,G,I,H,
>SLC31_HUMAN,269,0,0,0,0
N,I,L,Y,T,S,C,
>SLC31_MOUSE,269,0,0,0,0
D,I,L,Y,S,S,C,
>SMIM1_HUMAN,269,269,0,0,0
Y,Y,V,H,K,C,K,
>SMIM1_MOUSE,250,250,0,0,0
Y,Y,V,H,K,C,K,
>SPCS3_BOVIN,305,0,0,250,0
Y,E,I,T,K,S,Y,
>SPCS3_CANLF,305,0,0,250,0
Y,E,I,T,K,S,Y,
>SPCS3_HUMAN,305,0,0,250,0
Y,E,I,T,K,S,Y,
>SPCS3_MOUSE,250,0,0,250,0
Y,E,I,T,K,S,Y,
>SPCS3_RAT,305,0,0,250,0
Y,E,I,A,T,T,F,
>SUN1_HUMAN,269,0,0,0,0
V,H,G,E,P,V,K,
>SUN1_MOUSE,269,0,0,0,1
V,H,G,E,P,I,Q,
>SUN2_HUMAN,305,0,0,0,0
V,H,G,E,P,A,H,
>SUN2_MOUSE,250,0,0,0,0
V,H,G,E,P,A,H,
>SYNG1_MOUSE,269,269,0,0,0
L,S,K,N,N,H,L,
>SYNG1_RAT,250,269,0,0,0
L,S,K,N,N,H,L,
>TFR1_CANLF,250,250,0,0,0
W,D,I,D,N,E,F,
>TFR1_CRIGR,250,250,0,0,0
W,D,I,D,N,E,F,
>TFR1_FELCA,250,250,0,0,0
W,D,I,D,N,E,F,
>TFR1_HORSE,250,250,0,0,0
W,D,I,D,N,E,F,
>TFR1_HUMAN,269,269,0,0,0
W,D,I,D,N,E,F,
>TFR1_MOUSE,250,250,0,0,0
W,N,I,D,N,E,F,
>TFR1_PIG,250,250,0,0,0
W,D,I,D,N,E,F,
>TFR1_PONAB,250,250,0,0,0
W,D,I,D,N,E,F,
>TFR1_RAT,250,250,0,0,0
W,N,I,D,N,E,F,
>TM11B_HUMAN,305,269,0,0,0
I,T,S,K,T,G,L,
>TM11B_MOUSE,305,250,0,0,0
I,A,S,K,T,G,I,
>TM11C_MOUSE,305,269,0,0,0
I,T,S,K,T,G,L,
>TM11E_HUMAN,250,250,0,0,0
I,T,S,K,T,G,I,
>TM11E_MOUSE,269,269,0,0,0
I,A,S,N,T,G,I,
>TM11G_RAT,269,0,0,0,0
I,K,S,K,T,N,I,
>TMM98_BOVIN,250,250,0,250,0
L,Q,E,Q,S,A,I,
>TMM98_HUMAN,269,269,0,250,0
L,Q,E,Q,S,A,I,
>TMM98_MOUSE,250,250,0,305,0
L,Q,E,Q,S,A,I,
>TMM98_RAT,250,250,0,250,0
L,Q,E,Q,S,A,I,
>TMPS2_HUMAN,269,269,0,0,0
R,Q,M,R,A,D,G,
>TMPS2_MOUSE,250,250,0,0,0
Q,Q,M,R,A,N,S,
>TMPS3_HUMAN,269,0,0,269,0
M,E,R,D,L,K,T,
>TMPS3_MOUSE,269,0,0,269,0
L,E,R,D,L,K,T,
>TMPS4_HUMAN,305,305,0,0,0
N,V,W,K,A,E,L,
>TMPS4_MOUSE,250,250,0,0,0
N,V,R,K,S,E,M,
>TMPS6_HUMAN,269,269,0,0,0
W,I,Q,Q,V,V,T,
>TMPS6_MOUSE,269,269,0,0,0
W,I,Q,Q,V,L,T,
>TMPS7_MOUSE,269,269,0,0,0
K,Y,V,P,S,L,L,
>TMPS7_RAT,250,250,0,0,0
K,Y,V,P,S,L,L,
>TMPS9_HUMAN,269,269,0,0,0
I,G,Q,H,I,Q,E,
>TNF10_HUMAN,305,269,0,0,0
F,G,A,F,L,V,G,
>TNF10_MOUSE,250,250,0,0,0
F,G,A,F,L,I,N,
>TNF12_HUMAN,269,1,0,0,1
F,G,L,F,Q,V,H,
>TNF15_HUMAN,305,0,0,0,0
F,F,G,A,F,L,L,
>TNF18_HUMAN,269,269,0,0,0
A,N,P,Q,F,I,S,
>TNF18_MOUSE,269,269,0,0,0
P,D,L,P,F,I,S,
>TNFA_BOSIN,250,250,0,0,0
Y,F,G,I,I,A,L,
>TNFA_BOSTR,250,250,0,0,0
Y,F,G,I,I,A,L,
>TNFA_BOVIN,250,250,0,0,0
Y,F,G,I,I,A,L,
>TNFA_BUBBU,250,250,0,0,0
Y,F,G,I,I,A,L,
>TNFA_BUBCA,250,250,0,0,0
Y,F,G,I,I,A,L,
>TNFA_CALJA,250,250,0,0,0
Y,F,G,I,I,G,L,
>TNFA_CAMBA,250,250,0,0,0
Y,F,G,I,I,A,L,
>TNFA_CANLF,250,250,0,0,0
Y,F,G,I,I,A,L,
>TNFA_CAPHI,250,250,0,0,0
Y,F,G,I,I,A,L,
>TNFA_CAVPO,250,250,0,0,0
Y,F,G,V,I,A,L,
>TNFA_DASNO,250,250,0,0,0
Y,F,G,L,I,A,L,
>TNFA_DELLE,250,250,0,0,0
Y,F,G,I,I,A,L,
>TNFA_FELCA,250,250,0,0,0
Y,F,G,I,I,A,L,
>TNFA_HORSE,250,250,0,0,0
Y,F,G,I,I,A,L,
>TNFA_LAMGL,250,250,0,0,0
Y,F,G,I,I,A,L,
>TNFA_MACEU,250,250,0,0,0
Y,F,G,V,I,A,L,
>TNFA_MACFA,250,250,0,0,0
Y,F,G,I,I,A,L,
>TNFA_MACMU,250,250,0,0,0
Y,F,G,I,I,A,L,
>TNFA_MARMO,250,250,0,0,0
Y,F,G,V,I,A,L,
>TNFA_MOUSE,250,1,0,0,0
Y,F,G,V,I,A,L,
>TNFA_PANTR,250,250,0,0,0
Y,F,G,I,I,A,L,
>TNFA_PAPAN,250,250,0,0,0
Y,F,G,I,I,A,L,
>TNFA_PAPHU,250,250,0,0,0
Y,F,G,I,I,A,L,
>TNFA_PAPSP,250,250,0,0,0
Y,F,G,I,I,A,L,
>TNFA_PERLE,250,250,0,0,0
Y,F,G,V,I,A,L,
>TNFA_PIG,250,250,0,0,0
Y,F,G,I,I,A,L,
>TNFA_RABIT,250,250,0,0,0
Y,F,G,I,I,A,L,
>TNFA_RAT,250,250,0,0,0
Y,F,G,V,I,A,L,
>TNFA_SAISC,250,250,0,0,0
Y,F,G,I,I,A,L,
>TNFA_SHEEP,250,250,0,0,0
Y,F,G,I,I,A,L,
>TNFA_TRIVU,250,250,0,0,0
Y,F,G,A,I,A,L,
>TNFA_TUPTA,250,250,0,0,0
Y,F,G,V,I,A,L,
>TNFA_TURTR,250,250,0,0,0
Y,F,G,I,I,A,L,
>TNMD_HUMAN,305,0,0,0,1
A,R,M,L,G,R,V,
>TNR22_MOUSE,305,305,0,0,1
V,F,R,I,I,R,R,
>TPST1_HUMAN,269,0,269,0,0
P,Q,T,E,Q,V,E,
>TPST1_MOUSE,250,0,250,0,0
P,Q,T,E,Q,V,E,
>TPST1_RAT,305,0,305,0,0
P,Q,T,E,Q,V,E,
>TPST2_BOVIN,250,0,250,0,0
S,S,H,L,G,S,S,
>TPST2_HUMAN,269,0,269,0,0
S,S,H,L,G,S,S,
>TPST2_MACFA,250,0,250,0,0
S,S,H,L,G,S,S,
>TPST2_MOUSE,250,0,250,0,0
S,P,H,L,G,S,S,
>TPST2_RAT,250,0,250,0,0
S,P,H,L,G,S,S,
>TRDN_CANLF,269,0,0,0,0
G,Q,K,Q,Q,G,Q,
>TRDN_HUMAN,269,269,0,0,0
G,Q,K,Q,Q,G,Q,
>TRDN_MOUSE,250,0,0,0,0
G,Q,K,Q,Q,E,Q,
>TRDN_RABIT,269,0,0,0,0
N,S,P,G,P,K,Q,
>TRDN_RAT,250,269,0,0,0
G,Q,K,Q,Q,E,Q,
>UST_HUMAN,250,0,250,0,0
L,E,D,I,Y,K,R,
>UST_MOUSE,250,0,250,0,0
L,E,D,I,Y,K,R,
>UXS1_HUMAN,250,0,250,0,0
K,G,R,T,R,H,S,
>UXS1_MOUSE,250,0,250,0,0
K,G,R,T,R,H,S,
>UXS1_PONAB,250,0,250,0,0
K,G,R,T,R,H,N,
>UXS1_RAT,269,0,269,0,0
K,G,R,T,R,H,S,
>XBP1_BOVIN,250,0,0,250,1
S,W,K,P,L,M,N,
>XBP1_MOUSE,250,0,0,250,1
T,M,Y,T,P,S,L,
>XBP1_RAT,250,0,0,250,1
T,M,Y,T,P,S,L,
>XXLT1_HUMAN,269,0,0,269,0
N,T,P,I,P,E,D,
>XXLT1_MOUSE,250,0,0,250,0
N,T,P,I,P,E,D,
>XYLK_HUMAN,269,0,269,0,0
R,M,P,L,S,H,L,
>XYLT1_CANLF,250,0,250,0,0
K,P,D,G,R,L,R,
>XYLT1_HUMAN,305,0,269,0,0
K,P,D,G,R,L,R,
>XYLT1_MOUSE,305,0,269,0,0
K,P,D,G,R,L,R,
>XYLT1_PANTR,250,0,250,0,0
K,P,D,G,R,L,R,
>XYLT2_BOVIN,250,0,250,0,0
K,A,D,G,R,L,R,
>XYLT2_CANLF,250,0,250,0,0
K,A,D,G,R,L,R,
>XYLT2_HUMAN,305,0,305,0,0
K,A,D,G,R,L,R,
>XYLT2_MOUSE,250,0,250,0,0
K,A,D,G,R,L,R,
>XYLT2_PANTR,250,0,250,0,0
K,A,D,G,R,L,R,
>XYLT2_RAT,250,0,250,0,0
K,A,D,G,R,L,R,
