>AAAD_BOVIN,250,0,0,250,0,
MRKKYFGFLILGVLLAGYIYVPLPDNVEEPWKIMLLNTFLKTSSYLALFGEILGLNHFMKSMALFSRIQGFPPTSDENIIVKDTTFNDIPVRIYVPQQKTKSLRRGLFYIHGGGWCFGSNDYYSYDLLSRWTAERLDAVVISTNYRLAPKYHFPVQFEDVYTALKWFLDPQNLESYGVDPGRIGISGDSAGGNLAAAVAQQLLEDPDVKIKLKVQTLIYPALQNFDFDLPSYRENAHYPVLSKSLMVRFWSEYFTTDRSLKKAMLSNQHIPLESSNLFKFVNWSSLLPEKFKKGHIYKTPTHGSSELAKKYPGILDVKASPLLADDSKLRGLPLTYVITCQYDVLRDDGLMYVTRLQKSGVQVIHNHVEGAFHGTLAFLFTKVGYRAANQYINWLHENL
>AAAD_MOUSE,250,0,0,269,0,
MGKTISLLISVVLVAYYLYIPLPDAIEEPWKVVWETAFVKIGTDLASFGELLGISHFMETIQLLMSFQEVPPTSDEHVTVMETAFDSVPVRIYIPKRKSMALRRGLFYIHGGGWCLGSAAHFSYDTLSRWTAHKLDAVVVSTDYGLAPKHHFPRQFEDVYRSLRWFLQEDVLEKYGVDPRRVGVSGDSAGGNLAAAVTQQLIQDPDVKIKLKVQALIYPALQALDTNVPSQQEGSHFPVLTRSLMVRFWSEYFTTDRGLEKAMLLNQHVPMESSHLLQFVNWSSLLPERYKKSPVYKNPTPGSSELAQKYPGFIDVKACPLLANDNILHHLPKTYIITCQYDVLRDDGLMYVKRLQNVGVHVTHHHVEDGFHGTFSFPGLKLSERMKNQYLSWLIKNL
>AAAD_RAT,250,0,0,250,0,
MGRTIFLLISVVLVAYYIYIPLPDDIEEPWKIILGNTLLKLGGDLASFGELLGLNHFMDTVQLFMRFQVVPPTSDENVTVMETDFNSVPVRIYIPKRKSTTLRRGLFFIHGGGWCLGSAAYFMYDTLSRRTAHRLDAVVVSTDYGLAPKYHFPKQFEDVYHSLRWFLQEDILEKYGVDPRRVGVSGDSAGGNLTAAVTQQILQDPDVKIKLKVQALIYPALQALDMNVPSQQENSQYPLLTRSLLIRFWSEYFTTDRDLEKAMLLNQHVPVEFSHLLQFVNWSSLLPQRYKKGYFYKTPTPGSLELAQKYPGFTDVKACPLLANDSILHHLPMTYIITCQYDVLRDDGLMYVKRLQNTGVHVTHHHIEDGFHGALTLPGLKITYRMQNQYLNWLHKNL
>ALG1_HUMAN,305,0,0,305,0,
MAASCLVLLALCLLLPLLLLGGWKRWRRGRAARHVVAVVLGDVGRSPRMQYHALSLAMHGFSVTLLGFCNSKPHDELLQNNRIQIVGLTELQSLAVGPRVFQYGVKVVLQAMYLLWKLMWREPGAYIFLQNPPGLPSIAVCWFVGCLCGSKLVIDWHNYGYSIMGLVHGPNHPLVLLAKWYEKFFGRLSHLNLCVTNAMREDLADNWHIRAVTVYDKPASFFKETPLDLQHRLFMKLGSMHSPFRARSEPEDPVTERSAFTERDAGSGLVTRLRERPALLVSSTSWTEDEDFSILLAALEKFEQLTLDGHNLPSLVCVITGKGPLREYYSRLIHQKHFQHIQVCTPWLEAEDYPLLLGSADLGVCLHTSSSGLDLPMKVVDMFGCCLPVCAVNFKCLHELVKHEENGLVFEDSEELAAQLQMLFSNFPDPAGKLNQFRKNLRESQQLRWDESWVQTVLPLVMDT
>ALG1_MOUSE,250,0,0,250,0,
MAASCVALLVLALLLLVLLLGLWKRGRQTGRARHMVVVVLGDVGRSPRMQYHALSLAQSGFSVTLLGFYNSKPRDELLQNDRIRIVKLTDLRGLGAGPRILQYGVKVVFQAVYLLWKMMRMDPAAYIFLQNPPGLPAIAVCWFVGCICGSKLVIDWHNYGYSIMGLVHGPRHPIVLLAKWYEKFFGRLSHLNLCVTNAMREDLAENWCVRAVTLYDKPASFFKETPLDLQHELFMKLSHTYSPFQSCSDPSHPDTERSAFTERDCQSGVVRRLHGRPALLVSSTSWTEDEDFSILLRALEKFEQQALTGDSLPSLVCVITGKGPLREHYRHLISQKHLQHVRFCTPWLEAEDYPLLLGSADLGVCLHMSSSGLDLPMKVVDMFGCHLPVCAVNFKCLHELVRHGENGLVFKDAEELAAQLQMLFSKFPDPAGKLSQFRKKLQESGQQRWDESWQHTVLPLLAHSQMTPRPHPPCGHPSCRGF
>ALG1_PONAB,250,0,0,250,0,
MAASCLVLLALCLLLPLLLLGGWKRWRRGRTARHVVAVVLGDVGRSPRMQYHALSLAMHGFSVTLLGFCNSKPHDELLQNNRIQIVGLTELQSLAVGPRVFQYGVKVVFQAMYLLWKLMWREPGAYIFLQNPPGLPSIAVCWFVGCLCGSKLVIDWHNYGYSIMGLVHGPNHPLVLLAKWYERFFGRLSHLNLCVTNAMREDLAENWHIRAVTVYDKPASFFKETPLDLQHRLFMKLGGTHSPFRARSEPEDPATERSAFTERDAGSGLVTRLHERPALLVSSTSWTEDEDFSILLAALEKFEQLTLDGHSLPSLVCVITGKGPLREYYSHLIHQKHFQHIQVCTPWLEAEDYPLLLGSADLGVCLHTSSSGLDLPMKVVDMFGCHLPVCAVNFKCLHELVKHEENGLVFEDSEELAAQLQMLFSNFPDPAGKLNQFRKNLRESQQLRWDESWVQTVLPLVMDT
>ALG5_HUMAN,250,0,0,250,0,
MAPLLLQLAVLGAALAAAALVLISIVAFTTATKMPALHRHEEEKFFLNAKGQKETLPSIWDSPTKQLSVVVPSYNEEKRLPVMMDEALSYLEKRQKRDPAFTYEVIVVDDGSKDQTSKVAFKYCQKYGSDKVRVITLVKNRGKGGAIRMGIFSSRGEKILMADADGATKFPDVEKLEKGLNDLQPWPNQMAIACGSRAHLEKESIAQRSYFRTLLMYGFHFLVWFLCVKGIRDTQCGFKLFTREAASRTFSSLHVERWAFDVELLYIAQFFKIPIAEIAVNWTEIEGSKLVPFWSWLQMGKDLLFIRLRYLTGAWRLEQTRKMN
>ALG5_MOUSE,250,0,0,250,0,
MATLLLQLLGLGVALAAAALILVSIVAFITATKMPPCYQHEEEKFFLNAKGQKEALPSIWDSPTKQLSVVVPSYNEEKRLPVMMDEALNYLEKRQKHDCTFTYEVIVVDDGSEDQTSKVALKYCQKYGSDKVRVITLVRNRGKGGAVRMGVFSSRGEKILMADADGATKFPDVEKLEKGLSDLQPWPEQMAIACGSRAHLEKESIAQRSYFRTFLMYGFHFLVWFLCVKGIRDTQCGFKLLTREAAARTFSSLHIERWAFDVELLYIAQCLQIPIAEVAVNWTEIEGSKLVPFWSWLQMGKDLLFIRLRYLTGAWRLKQTRKAS
>ARXS1_MOUSE,305,0,0,269,0,
MNSLLSRANSLFAFTLSVMAALTLGCILTTAFKDRSAPVRLHVSRILLKKVEDFTGPRKKSDLGFITFHISADLEKTFDWNVKQLFLYLSAEYSTKSNAVNQVVLWDKILLRGENPKLNLKDVKSKYFFFDDGHGLKGNRNVTLTLSWQVIPIAGILPLVTGSGRVSVPFPDSYEIATTF
>ARXS2_MOUSE,305,0,0,269,0,
MNSLLSRANSLFAFTLSVMAALTLGCILTTAFKDRSAPVRLHVSRILLKKVEDFTGPRKKSDLGFITFHISADLEKTFDWNVKQLFLYLSAEYSTKSNAVNQVVLWDKILLRGENPKLNLKDVKSKYFFFDDGHGLKGNRNVTLTLSWQVIPIAGILPLVTGSGRVSVPFPDSYEIATTF
>ASPH_MOUSE,303,0,0,250,1,
MAPRKNAKGGGGNSSSSGSGSGSGSGSPSTGSSGSSSSPGARREAKHGGHKNGRRGGISGGSFFTWFMVIALLGVWTSVAVVWFDLVDYEEVLGKLGVYDADGDGDFDVDDAKVLLGLKERSPSERTFPPEEEAETHAELEEQAPEGADIQNVEDEVKEQIQSLLQESVHTDHDLEADGLAGEPQPEVEDFLTVTDSDDRFEDLEPGTVHEEIEDTYHVEDTASQNHPNDMEEMTNEQENSDPSEAVTDAGVLLPHAEEVRHQDYDEPVYEPSEHEGVAISDNTIDDSSIISEEINVASVEEQQDTPPVKKKKPKLLNKFDKTIKAELDAAEKLRKRGKIEEAVNAFEELVRKYPQSPRARYGKAQCEDDLAEKQRSNEVLRRAIETYQEAADLPDAPTDLVKLSLKRRSERQQFLGHMRGSLLTLQRLVQLFPSDTTLKNDLGVGYLLLGDNDSAKKVYEEVLNVTPNDGFAKVHYGFILKAQNKISESIPYLKEGIESGDPGTDDGRFYFHLGDAMQRVGNKEAYKWYELGHKRGHFASVWQRSLYNVNGLKAQPWWTPRETGYTELVKSLERNWKLIRDEGLMVMDKAKGLFLPEDENLREKGDWSQFTLWQQGRKNENACKGAPKTCALLEKFSETTGCRRGQIKYSIMHPGTHVWPHTGPTNCRLRMHLGLVIPKEGCKIRCANETRTWEEGKVLIFDDSFEHEVWQDASSFRLIFIVDVWHPELTPQQRRSLPAI
>B3GA1_HUMAN,250,0,250,250,1,
MPKRRDILAIVLIVLPWTLLITVWHQSTLAPLLAVHKDEGSDPRRETPPGADPREYCTSDRDIVEVVRTEYVYTRPPPWSDTLPTIHVVTPTYSRPVQKAELTRMANTLLHVPNLHWLVVEDAPRRTPLTARLLRDTGLNYTHLHVETPRNYKLRGDARDPRIPRGTMQRNLALRWLRETFPRNSSQPGVVYFADDDNTYSLELFEEMRSTRRVSVWPVAFVGGLRYEAPRVNGAGKVVGWKTVFDPHRPFAIDMAGFAVNLRLILQRSQAYFKLRGVKGGYQESSLLRELVTLNDLEPKAANCTKILVWHTRTEKPVLVNEGKKGFTDPSVEI
>B3GA1_MOUSE,250,0,250,250,1,
MPKRRDILAIVLIVLPWTLLITVWHQSSLAPLLAVHKDEGSDPRHEAPPGADPREYCMSDRDIVEVVRTEYVYTRPPPWSDTLPTIHVVTPTYSRPVQKAELTRMANTLLHVPNLHWLVVEDAPRRTPLTARLLRDTGLNYTHLHVETPRNYKLRGDARDPRIPRGTMQRNLALRWLRETFPRNSTQPGVVYFADDDNTYSLELFEEMRSTRRVSVWPVAFVGGLRYEAPRVNGAGKVVGWKTVFDPHRPFAIDMAGFAVNLRLILQRSQAYFKLRGVKGGYQESSLLRELVTLNDLEPKAANCTKILVWHTRTEKPVLVNEGKKGFTDPSVEI
>B3GL2_HUMAN,250,0,250,269,0,
MRNWLVLLCPCVLGAALHLWLRLRSPPPACASGAGPADQLALFPQWKSTHYDVVVGVLSARNNHELRNVIRSTWMRHLLQHPTLSQRVLVKFIIGAHGCEVPVEDREDPYSCKLLNITNPVLNQEIEAFSLSEDTSSGLPEDRVVSVSFRVLYPIVITSLGVFYDANDVGFQRNITVKLYQAEQEEALFIARFSPPSCGVQVNKLWYKPVEQFILPESFEGTIVWESQDLHGLVSRNLHKVTVNDGGGVLRVITAGEGALPHEFLEGVEGVAGGFIYTIQEGDALLHNLHSRPQRLIDHIRNLHEEDALLKEESSIYDDIVFVDVVDTYRNVPAKLLNFYRWTVETTSFNLLLKTDDDCYIDLEAVFNRIVQKNLDGPNFWWGNFRLNWAVDRTGKWQELEYPSPAYPAFACGSGYVISKDIVKWLASNSGRLKTYQGEDVSMGIWMAAIGPKRYQDSLWLCEKTCETGMLSSPQYSPWELTELWKLKERCGDPCRCQAR
>B3GL2_MOUSE,250,0,250,250,0,
MRNWLVLLCPCVLGAALHLWHLWLRSPPDPHNTGPSAADQSALFPHWKFSHYDVVVGVLSARNNHELRNVIRNTWLKNLLHHPTLSQRVLVKFIIGARGCEVPVEDREDPYSCRLLNITNPVLNQEIEAFSFPEDASSSRLSEDRVVSVSFRVLYPIVITSLGVFYDASDVGFQRNITVKLYQTEQEEALFIARFSPPSCGVQVNKLWYKPVEQFILPESFEGTIVWESQDLHGLVSRNLHRVTVNDGGGVLRVLAAGEGALPHEFMEGVEGVAGGFIYTVQEGDALLRSLYSRPQRLADHIQDLQVEDALLQEESSVHDDIVFVDVVDTYRNVPAKLLNFYRWTVESTSFDLLLKTDDDCYIDLEAVFNRIAQKNLDGPNFWWGNFRLNWAVDRTGKWQELEYPSPAYPAFACGSGYVISKDIVDWLAGNSRRLKTYQGEDVSMGIWMAAIGPKRHQDSLWLCEKTCETGMLSSPQYSPEELSKLWELKELCGDPCQCEAKVR
>B3GLT_HUMAN,269,0,0,269,0,
MRPPACWWLLAPPALLALLTCSLAFGLASEDTKKEVKQSQDLEKSGISRKNDIDLKGIVFVIQSQSNSFHAKRAEQLKKSILKQAADLTQELPSVLLLHQLAKQEGAWTILPLLPHFSVTYSRNSSWIFFCEEETRIQIPKLLETLRRYDPSKEWFLGKALHDEEATIIHHYAFSENPTVFKYPDFAAGWALSIPLVNKLTKRLKSESLKSDFTIDLKHEIALYIWDKGGGPPLTPVPEFCTNDVDFYCATTFHSFLPLCRKPVKKKDIFVAVKTCKKFHGDRIPIVKQTWESQASLIEYYSDYTENSIPTVDLGIPNTDRGHCGKTFAILERFLNRSQDKTAWLVIVDDDTLISISRLQHLLSCYDSGEPVFLGERYGYGLGTGGYSYITGGGGMVFSREAVRRLLASKCRCYSNDAPDDMVLGMCFSGLGIPVTHSPLFHQARPVDYPKDYLSHQVPISFHKHWNIDPVKVYFTWLAPSDEDKARQETQKGFREEL
>CANT1_HUMAN,269,269,269,269,0,
MPVQLSEHPEWNESMHSLRISVGGLPVLASMTKAADPRFRPRWKVILTFFVGAAILWLLCSHRPAPGRPPTHNAHNWRLGQAPANWYNDTYPLSPPQRTPAGIRYRIAVIADLDTESRAQEENTWFSYLKKGYLTLSDSGDKVAVEWDKDHGVLESHLAEKGRGMELSDLIVFNGKLYSVDDRTGVVYQIEGSKAVPWVILSDGDGTVEKGFKAEWLAVKDERLYVGGLGKEWTTTTGDVVNENPEWVKVVGYKGSVDHENWVSNYNALRAAAGIQPPGYLIHESACWSDTLQRWFFLPRRASQERYSEKDDERKGANLLLSASPDFGDIAVSHVGAVVPTHGFSSFKFIPNTDDQIIVALKSEEDSGRVASYIMAFTLDGRFLLPETKIGSVKYEGIEFI
>CANT1_MOUSE,250,0,250,250,0,
MPIQPFDQREWNEPMHSLRISVGGLPVLASMTKATDPRFRPRWRVILTSFVGAALLWLLYSHHQGPVPGRPPTHNAHNWRLSQQRISHYNDTYPLSPPQRTPGGIRYRIAVIADLDTGSRAQEENTWFSYLKKGYLTLSDSGDRVSVEWDKDHGVLESHLAEKGRGMELSDLIVFNGKLYSVDDRTGVIYQIEGTKAVPWVILSDGDGTVEKGFKAEWLAVKDEHLYVGGLGKEWTTTTGEVMNENPEWVKVVGHRGSVDHENWVSSYNALRAAAGIRPPGYLIHESACWSDTLQRWFFLPRRASHERYSEKDDERKGSNLLLSAAQDFRDISVRQVGTLIPTHGFSSFKFIPNTDDQIIVALKSEEDNGRIATYVMAFTLDGRFLLPETKIGTVKYEGIEFI
>CANT1_RAT,269,0,269,269,0,
MPIQPFDQREWNEPMHSLRISVGGLPVLASMTKATDPRFRPRWRVILTSFVGAALLWLLYSHHQTPVSGRPPIHNAHNWRLRQERISQYNDTYPLSPPQRTPGGIRYRIAVIADLDTGSKAQEENTWFSYLKKGYLTLSDSGDRVSVEWDKDRGVLESHLAEKGRGMELSDLIVFNGKLYSVDDRTGVIYQIEGTKAVPWVILSDGDGAVEKGFKAEWLAVKDEHLYVGGLGKEWTTTTGEVVNENPEWVKVVGHRGSVEHENWVSSYNALRAAAGIQPPGYLIHESACWSDTLQRWFFLPRRASHERYSEREDERKGSNLLLSAAQDFRDISVRQVGALVPTHGFSSFKFIPNTDDQIIVALKSEEDNGRIATYVMAFTLDGRFLLPETKIGSVKYEGIEFI
>CP4Z1_HUMAN,269,0,0,269,0,
MEPSWLQELMAHPFLLLILLCMSLLLFQVIRLYQRRRWMIRALHLFPAPPAHWFYGHKEFYPVKEFEVYHKLMEKYPCAVPLWVGPFTMFFSVHDPDYAKILLKRQDPKSAVSHKILESWVGRGLVTLDGSKWKKHRQIVKPGFNISILKIFITMMSESVRMMLNKWEEHIAQNSRLELFQHVSLMTLDSIMKCAFSHQGSIQLDSTLDSYLKAVFNLSKISNQRMNNFLHHNDLVFKFSSQGQIFSKFNQELHQFTEKVIQDRKESLKDKLKQDTTQKRRWDFLDILLSAKSENTKDFSEADLQAEVKTFMFAGHDTTSSAISWILYCLAKYPEHQQRCRDEIRELLGDGSSITWEHLSQMPYTTMCIKECLRLYAPVVNISRLLDKPITFPDGRSLPAGITVFINIWALHHNPYFWEDPQVFNPLRFSRENSEKIHPYAFIPFSAGLRNCIGQHFAIIECKVAVALTLLRFKLAPDHSRPPQPVRQVVLKSKNGIHVFAKKVC
>CR3L1_MOUSE,269,0,0,269,0,
MDAVLEPFPADRLFPGSSFLDLGDLNESDFLNNAHFPEHLDHFVENMEDFSNDLFSSFFDDPVLDEKSALLDMELDSPAPGIQAEHSYSLSGDSAPQSPLVPVKMEDTTQDVEHGAWALGNKLCSIMVKQEQSPELPVDPLAASSAMAAAAAMATPPLLGLSPMPRLPIPHQAPGEMTQLPVIKAEPPEMSQFLKVTPEDLVQMPPTPPSSHGSDSDGSQSPRSLPPSSPVRPMARSSTAISTSPLLTAPHKLQGTSGPLLLTEEEKRTLIAEGYPIPTKLPLTKAEEKALKRVRRKIKNKISAQESRRKKKEYVECLEKKVETYTSENNELWKKVETLETANRTLLQQLQKLQTLVTSKISRPYKMAATQTGTCLMVAALCFVLVLGSLVPCLPAFSSGSMTVKEDPIAADSVYAASQMPSRSLLFYDDGAGSWEDGRGALLPVEPPEGWELKPGGPAEQRPQDHLRHDRADSIHETTKYLRETWPEDTDDNGTSPNFSHPEWFHDRDLGPNTTIKLS
>CR3L2_PONAB,250,0,0,250,0,
MEVLESGEQGVLQWDRKLSELSEPGDGEALMYHTHFSELLDEFSQNVLGQLLNDPFLSEKSVSTEVEPSPMSPAPLIQAEHSYSLCEEPRAQSPFTHITTSDSFNDDEVESEKWYLSTDFPSTTIKTEPITDEPPPGLVPSVTLTITAISTPFEKEEPPLEMNTGVDSSCQTIIPKIKLEPHEVDQFLNFSPKEAPVDHLHLPPTPPSSHGSDSEGSLSPNPRLHPFSLPQTHSPSRAAPRAPSALSSSPLLTAPHKLQGSGPLVLTEEEKRTLIAEGYPIPTKLPLTKSEEKALKKIRRKIKNKISAQESRRKKKEYMDSLEKKVESCSTENLELRKKVEVLENTNRTLLQQLQKLQTLVMGKVSRTCKLAGTQTGTCLMVVVLCFAVAFGSFFQGYGPYPSATKMALPSQHSLQEPYTASVVRSRNLLIYEEHSPPEEPSSPGSAGELGGWDRGSSLLRVSGLESRPDVDLPHFIISNETSLEKSVLLELQQHLVSAKLEGNETLKVVELDRRVNTTF
>CR3L2_RAT,250,0,0,250,0,
MEVLESGEQSVLQWDRKLSELSEPGETEALMYHTHFSELLDEFSQNVLGQLLNDPFLSEKSVSMEVEPSPTSPAPLIQAEHSYSLSEEPRAQSPFTHVAASDGFNDEEVESEKWYLSTEFPSATIKTEPITEEQPPGLVPSVTLTITAISTPFEKEESPLDMSAGGDSSCQTLIPKIKLEPHEVDQFLNFSPKEASVDQLHLPPTPPSSHSSDSEGSLSPNPRLHPFSLSQAHSPGRAMPRGPSALSTSPLLTAPHKLQGSGPLVLTEEEKRTLIAEGYPIPTKLPLTKSEEKALKKIRRKIKNKISAQESRRKKKEYMDSLEKKVESCSTENLELRKKVEVLENTNRTLLQQLQKLQTLVMGKVSRTCKLAGTQTGTCLMVVVLCFAVAFGSLFQGYGLYPSATKMALPSQHPLSEPYTASVVRSRNLLIYEEHSSLEESSSPASAGELGGWDRGSSLLRASSGLEALPEVDLPHFIISKETSLEKSVLLELQQHLVSSKLEGNETLKVVELERRVNATF
>CR3L3_BOVIN,250,0,0,250,0,
MDGDLAIGKMASSTSPMGPIDSLELLDLLFDRQDGVLRHVELGEDWGHGEDQVLPGADSDDFLNSILGSGDSDSPTWSPAASDSGISEDLPSDTQDTPPHGGVPATPAGCHSVESGKGPCPSYHPGPTCPARHLGPVAPRLETSVAIDLEMWSPGVYAEEQTDLADSPSRYNLTVKDLLLSSSSGDLQQHHLAAPHLLRPGTGHCQELVLTEDEKKLLAKEGITLPTQLPLTKYEERMLKKIRRKIRNKQSAQESRKKKKEYIDGLETRMSACTAQNQELQRKVLHLEKQNLSLLEQLKKLQAIVVQSTSKSAQTGTCIAVLLFSFALIVLPSISPFASNRAESPGDFAPVRVFSRTLHNDAASRVAPDTAPGSEAPGPGPNTGALQERSPGSPPGEWESQDTRALDNSTEDLDNSTLVQGNSVKELDQATLLDCAPPEPAVSPGHVGLEAAGGEL
>CR3L3_HUMAN,269,0,0,269,0,
MNTDLAAGKMASAACSMDPIDSFELLDLLFDRQDGILRHVELGEGWGHVKDQQVLPNPDSDDFLSSILGSGDSLPSSPLWSPEGSDSGISEDLPSDPQDTPPRSGPATSPAGCHPAQPGKGPCLSYHPGNSCSTTTPGPVIQVPEASVTIDLEMWSPGGRICAEKPADPVDLSPRCNLTVKDLLLSGSSGDLQQHHLGASYLLRPGAGHCQELVLTEDEKKLLAKEGITLPTQLPLTKYEERVLKKIRRKIRNKQSAQESRKKKKEYIDGLETRMSACTAQNQELQRKVLHLEKQNLSLLEQLKKLQAIVVQSTSKSAQTGTCVAVLLLSFALIILPSISPFGPNKTESPGDFAPVRVFSRTLHNDAASRVAADAVPGSEAPGPRPEADTTREESPGSPGADWGFQDTANLTNSTEELDNATLVLRNATEGLGQVALLDWVAPGPSTGSGRAGLEAAGDEL
>CR3L3_MOUSE,250,0,0,250,0,
MDGDIAAGKMASPVCAMAPLDSMEVLDLLFDRQDGILRNVELAEGWILAREEQKVLLNSDSDEFLNCILGPGDSDPSSPLWSPADSDSGISEDLPSDPQDTPPRSGTEPANTVARCHTREQGKGPCPSYLPSTPCPEPPRTQVQESSVAIDLDMWSTDTLYPEEPAGSPSRFNLTVKELLLSGGSGDLQQHSLAASQLLGPGSGHCQELVLTEDEKKLLAKEGVTLPTQLPLTKYEERVLKKIRRKIRNKQSAQESRKKKKEYIDGLENRMSACTAQNQELQRKVLHLEKQNLSLLEQLKHLQALVVQSTSKPAHAGTCIAVLLLSFALIILPSISPFNSNKVDSPGDFVPVRVFSRTLHNHAASRVAPDVTPGSEVPGPWPDVGTPHKGPSSGGLSADWGNFLEIPMLDNLTEELDNSTLVLANSTEDLGRATLLDWVASEPLLSPGRVGLEIPGEMWLSWVPRWLRVRLVQDALGVL
>CR3L3_RAT,250,0,0,250,0,
MDGDISTGKMASPACAMAPLDSMEVLDLLFDGQDGILRNVDLAESWILTREEQKVLPNSDSDEFLNSILGPGDSDPSSPIWSPADSDSGISEDLPSDSQDTPPGSGPGSANVAARCHPSKQGEGPCPSYLPSTACPEPPRTQVHESSVAIDLDMWSTDTLYPEEQAGSPSRFNLTVKELLLSGGGGDLQQHPLAASQLLGPGSGHCQELVLTEDEKKLLAKEGVTLPTQLPLTKYEERVLKKIRRKIRNKQSAQESRKKKKEYIDGLENRMSACTAQNQELQRKVLHLEKQNLSLLEQLKHLQALVVQSTSKPAHAGTCIAVLLLSFVLIILPSISPFTANKVDSPGDFIPVRVFSRTLHNHAASRVAPDVTPGPEVPGPHKGSSGGLSADWGNFLEIPMLDDPTEELDNTTLVLANSTEDLGRATLLDWVASEPLLGQMGLEIPGEEIWLSWVPRWLRVRVVQDALGVL
>CR3L4_MACFA,250,0,0,250,0,
MDLGIPDLLDAWLEPPEDIFSTGSVLELGLHCPPPEVPVTRLQEQGLQGWKSGGDHGCGLQESEPEDFLKLFIDPNEVYRSEASPGNDSGTSEDPCRPDSPPAPRATSSPTLYEVVYEAGALERMQGETGPTVGLISIQLDQWSPAFMVPDSCMVSELPFDAHAHILPRAGTLAPVPCTTLLPCQTLFLTDEEKRLLGQEGVSLPSHLPLTKAEERVLKKVRRKIRNKQSAQDSRRRKKEYIDGLESRVAACSAQNQELQKKVQELERHNISLVAQLRQLQTLIAQTSNKAAQTSTCVLILLFSLALIILPSFSPFQGRPEAGPEDYQPHGVTSRNILTHKDITENLETQVVESRLREPPEAKDANDSTRTLLEKMGGKPRPSGRIGTVLHADEM
>CR3L4_MOUSE,269,0,0,269,0,
MELGCPELLEPPEDIFSTGSFLELGFNGPASKVPVTRGLQKSEPDDFLNLFIDPNMIHCSETSPGRDSGVSEDPGSPAQQASSSPALYEVVYDSGTLQGTQREAGPTFGLISIQIDQWTPALMVPDACTVSGLPSDSHRHILPRVSTRAPAPPAAMPSCQHHLFLTDEEKQLLAQEGITLPSHLPLTKAEERILKKIRRKIRNKQSAQDSRRRKKEYLDGLESRVAACSEQNQKLQRKVQELERQNIFLMEQVRQLQKLTAQTSSRAAQTSTCVLILLFSLALIILPSFSPFQGQSEARPEDYQLHGVISRNILTHENVTENLESPVLKSKLEELPEAPTTNGSTKTHLKMRVKARPPGQIRGMVHTDEM
>CR3L4_RAT,250,0,0,250,0,
MELGCPELLEPPEDIFSTGSFLELGFNGPPSKVPGLQKSESDDFLNLFIDPNMIRCSETSPGSDSGVSEDPGSPAPQAPSSPALYEVVYEAGALQGTQREAGPTFGLISIQIDQWSPAFMVPGACTVSDLPSEAHRHILPRVSTIAPPPPAALLSCQRLFLTDEEKHLLGQEGVTLPSHLPLTKAEERILKKIRRKIRNKQSAQDSRRRKKEYIDGLESRVAACSEQNQKLQRKVQELERQNISLVAQVHQLQKFTAQTSSRAAQTSTCVLILLFSLALIILPSFSPFQSQPEARSEGYQLHGVISRNILTHEDMTESPESPVLKANLEELPQVPATNGSTKMAHLKMRVKARPTGPIRGMVHADEM
>CREB3_BOVIN,250,0,250,250,0,
MSHMELALDPGDHDLLGFLLEESGGLGAAPDEALTSPPDWELPLSESLSDWDVEDFLSCLPSPPAVLNVFSNSDPCLVQHDHTYSLSQEHVSIDLDNESYEKERAQMTPLRVEEPADQEIARLILTEEEKRLLEKEGLTLPGMLPLTKMEEQVLKRVRRKIRNKKSAQESRRKKKVYVGGLESRVLKYTAQNLELQNKVQLLEEQNLSLLDQLRRLQAMVIQTANKASSSSTCVLVLLFSFCLLLVPAMYSSDTRGSLPAEHRVLSRQLRALPSEDPPQLEPPALQSEVPKDSLNPELQAASNSCCLFHLMPQAPRAEPPLQLPLPDGFSGCSCPDSISPLHANLTREEGWLPTPSPTSVILQGRYSG
>CREB3_HUMAN,269,0,269,269,1,
MELELDAGDQDLLAFLLEESGDLGTAPDEAVRAPLDWALPLSEVPSDWEVDDLLCSLLSPPASLNILSSSNPCLVHHDHTYSLPRETVSMDLESESCRKEGTQMTPQHMEELAEQEIARLVLTDEEKSLLEKEGLILPETLPLTKTEEQILKRVRRKIRNKRSAQESRRKKKVYVGGLESRVLKYTAQNMELQNKVQLLEEQNLSLLDQLRKLQAMVIEISNKTSSSSTCILVLLVSFCLLLVPAMYSSDTRGSLPAEHGVLSRQLRALPSEDPYQLELPALQSEVPKDSTHQWLDGSDCVLQAPGNTSCLLHYMPQAPSAEPPLEWPFPDLFSEPLCRGPILPLQANLTRKGGWLPTGSPSVILQDRYSG
>CREB3_MOUSE,250,0,250,250,0,
MDPGGQDLLALDPGDQDLLGFLLEESGDLWAATEPDVKASLDLELSPSENSVQELSDWEVEDLLSSLLSPSVSRDVLGSSSSSILHDHNYSLPQEHVSIDLGECEMISCRGRRELTGLAGSTFPFADTESFEKEGFHVTPLPGEERAAEQEMSRLILTEEEKKLLEKEGLTLPSTLPLTKVEEQVLKRVRRKIRNKRAAQESRKKKKVYVVGLESRVLKYTAQNRELQNKVQRLEEQNLSLLDQLRKLQAMVIEIANKTSSGSTCVLVLVFSFCLLLVPAMYSSDARGSVPAEYVVLHRKLRALPSEDDHQPKPSALSSELPMDSTHQSLDSSEHMFLVSSNFSCVLYHAPQAEQPLHWPLWDLSSEMLFSDSNLLLQANLSESEGWQPNHSPSLVIFQGRYSG
>DHI1_CAVPO,269,0,0,269,0,
MAFLKKYLLTILMVFLAYYYYSANEKFRPEMLQGKKVIVTGASKGIGREIAYHLAKMGAHVVVTARSKEALQKVVARCLELGAASAHYIAGSMEDMTFAEEFVAEAGNLMGGLDMLILNHVLYNRLTFFHGEIDNVRKSMEVNFHSFVVLSVAAMPMLMQSQGSIAVVSSVAGKITYPLIAPYSASKFALDGFFSTLRSEFLVNKVNVSITLCILGLIDTETAIKATSGIYLGPASPKEECALEIIKGTALRQDEMYYVGSRWVPYLLGNPGRKIMEFLSAAEYNWDNVLSNEKLYGRWA
>DHI1_HUMAN,269,0,0,269,0,
MAFMKKYLLPILGLFMAYYYYSANEEFRPEMLQGKKVIVTGASKGIGREMAYHLAKMGAHVVVTARSKETLQKVVSHCLELGAASAHYIAGTMEDMTFAEQFVAQAGKLMGGLDMLILNHITNTSLNLFHDDIHHVRKSMEVNFLSYVVLTVAALPMLKQSNGSIVVVSSLAGKVAYPMVAAYSASKFALDGFFSSIRKEYSVSRVNVSITLCVLGLIDTETAMKAVSGIVHMQAAPKEECALEIIKGGALRQEEVYYDSSLWTTLLIRNPCRKILEFLYSTSYNMDRFINK
>DHI1_MESAU,269,0,0,269,0,
MHFMKKYLLPILVLFLAYYYYSTKEEFRPEMLQGKKVIVTGASKGIGREMAYHLSEMGAHVVLTARSEEGLQKVASRCLELGAASAHYIAGTMEDMTFAEQFVLKAGKLMGGLDMLILNHITYTSMNFFRDEIHALRKAMEVNFISYVVMSVAALPMLKQSNGSIVVVSSIAGKMAHPLVASYSASKFALDGFFSSLRREHGVTNVNVSITLCVLGLINTETAMKATSGVFNAPASPKEECALEIIKGGALRQEEVYYDSWSWTPILLGNPGRKIMEFLSMKSFTFDKLISS
>DHI1_RABIT,269,0,0,269,0,
MAFMKKYLLPLLGLFLAYYYYSANEEFRPEMLQGKKVIVTGASKGIGKEIAFHLAKMGAHVVVTARSKETLQEVVAHCLKLGAASAHYIAGTMEDMTFAEQFVAKAGKLMGGLDMLILNHITNASLMFFNNDIHHVRKEMEVNFLSYVVLTVAALPMLKQSNGSIVVVSSLAGKIAHPLIAPYSASKFALDGFFSAIRKEHALTNVNVSITLCVLGLIDTDTAMKEVSGKIDMKAAPKEECALEIIKGGALRQDEVYYGNLQWTPLLLGNPGKRLIEFLHLRKFDISKLVNN
>DIK1A_HUMAN,250,0,0,250,0,
MARSLCPGAWLRKPYYLQARFSYVRMKYLFFSWLVVFVGSWIIYVQYSTYTELCRGKDCKKIICDKYKTGVIDGPACNSLCVTETLYFGKCLSTKPNNQMYLGIWDNLPGVVKCQMEQALHLDFGTELEPRKEIVLFDKPTRGTTVQKFKEMVYSLFKAKLGDQGNLSELVNLILTVADGDKDGQVSLGEAKSAWALLQLNEFLLMVILQDKEHTPKLMGFCGDLYVMESVEYTSLYGISLPWVIELFIPSGFRRSMDQLFTPSWPRKAKIAIGLLEFVEDVFHGPYGNFLMCDTSAKNLGYNDKYDLKMVDMRKIVPETNLKELIKDRHCESDLDCVYGTDCRTSCDQSTMKCTSEVIQPNLAKACQLLKDYLLRGAPSEIREELEKQLYSCIALKVTANQMEMEHSLILNNLKTLLWKKISYTNDS
>DIK1A_MOUSE,269,0,0,269,0,
MARSLCAGAWLRKPHYLQARLSYMRVKYLFFSWLVVFVGSWIIYVQYSTYTELCRGKDCKKIICDKYKTGVIDGPACNSLCVTETLYFGKCLSNKPSNQMYLGVWDNLPGVVKCQMEQALHLDFGTELEPRKEIVLFDKPTRGTTVQKFKEMVYSLFKAKLGDQGNLSELVNLILTVADGDRDGQVSLGEAKSAWALLQLNEFLLMVILQDKEHTPKLMGFCGDLYVMESVEYTSLYGISLPWVMELFIPSGFRRSMDQLFTPSWPRKAKIAIGLLEFVEDVFHGPYGNFLMCDTSAKNLGYNEKYDLKMVDMRKIVPETNLKELIKDRHCESDLDCVYGTDCRTSCDLSTMKCTSEVIQPNLAKACQLLKDYLLHGAPSEIREELEKQLYSCIALKVTANQMEMEHSLILNNLKTLLWKKISYTNDS
>DIK1A_PONAB,250,0,0,250,0,
MARSLCPGAWLRKPYYLQARFSYVRMKYLFFSWLVVFVGSWIIYVQYSTYTELCRGKDCKKIICDKYKTGVIDGPACNSLCVTETLYFGKCLSTKPNNQMYLGIWDNLPGVVKCQMEQALHLDFGTELEPRKEIVLFDKPTRGTTVQKFKEMVYSLFKAKLGDQGNLSELVNLILTVADGDKDGQVSLGEAKSAWALLQLNEFLLMVILQDKEHTPKLMGFCGDLYVMESVEYTSLYGISLPWVIELFIPSGFRRSMDQLFTPSWPRKAKIAIGLLEFVEDVFHGPYGNFLMCDTSAKNLGYNDKYDLKMVDMRKIVPETNLKELIKDRHCESDLDCVYGTDCRTSCDQSTMKCTSEVIQPNLAKACQLLKDYLLRGAPSEIREELEKQLYSCIALKVTANQMEMEHSLILNNLKTLLWKKISYTNDS
>DIK1B_HUMAN,250,0,0,250,0,
MRRLRRLAHLVLFCPFSKRLQGRLPGLRVRCIFLAWLGVFAGSWLVYVHYSSYSERCRGHVCQVVICDQYRKGIISGSVCQDLCELHMVEWRTCLSVAPGQQVYSGLWRDKDVTIKCGIEETLDSKARSDAAPRRELVLFDKPTRGTSIKEFREMTLSFLKANLGDLPSLPALVGQVLLMADFNKDNRVSLAEAKSVWALLQRNEFLLLLSLQEKEHASRLLGYCGDLYLTEGVPHGAWHAAALPPLLRPLLPPALQGALQQWLGPAWPWRAKIAIGLLEFVEELFHGSYGTFYMCETTLANVGYTATYDFKMADLQQVAPEATVRRFLQGRRCEHSTDCTYGRDCRAPCDRLMRQCKGDLIQPNLAKVCALLRGYLLPGAPADLREELGTQLRTCTTLSGLASQVEAHHSLVLSHLKTLLWKKISNTKYS
>DIK1B_MOUSE,269,0,0,269,0,
MRRLRRLVHLVLLCPFSKGLQGRLPGLRVKYVLLVWLGIFVGSWMVYVHYSSYSELCRGHVCQVVICDQYRKGIISGSVCQDLCELQKVEWRTCLSSAPGQQVYSGLWQDKEVTIKCGIEEALNSKAWPDAAPRRELVLFDKPTRGTSIKEFREMTLSFLKANLGDLPSLPALVDQILLMADFNKDSRVSLAEAKSVWALLQRNEFLLLLSLQEKEHASRLLGYCGDLYLTEGIPHGSWHGAVLLPALRPLLPSVLHRALQQWFGPAWPWRAKIAIGLLEFVEELFHGSYGTFYMCETTLANVGYTATYDFKMADLQQVAPEATVRRFLQGRHCEQSSDCIYGRDCRAPCDRLMRQCKGDLIQPNLAKVCELLRDYLLPGAPAGLYEELGKQLRTCTTLSGLASQIEAHHSLVLSHLKTLLWREISNTNYS
>DIK1B_RAT,250,0,0,250,0,
MRRLRRLVHLVLLCPFSKGLQGRLPGLRVKYVLLVWLGIFVGSWMVYVHYSSYSELCRGHVCQVVICDQYQKGIISGSVCQDLCELQKVEWRTCLSSAPGQQVYSGLWQDKEVTIKCGIEEALNSKAWPDAVPRRELVLFDKPTRGTSIKEFREMTLSFLKANLGDLPSLPALVDQILLMADFNKDSRVSLAEAKSVWALLQRNEFLLLLSLQEKEHASRLLGYCGDLYLTESIPHGSWHGAVLLPALRPLLPSVLHRALQQWFGPAWPWRAKIAIGLLEFVEELFHGSYGTFYMCETTLANVGYTATYDFKMADLQQVAPEATVRRFLQGRHCEQSSDCIYGRDCRAPCDKLMRQCKGDLIQPNLAKVCELLRDYLLPGAPADLYEELGKQLRTCTTLSGLASQVEAHHSLVLSHLKTLLWREISNTNYS
>DIK1C_HUMAN,250,0,0,250,0,
MARAAGARGPAGWCRRRGRCGRGTLLAFAAWTAGWVLAAALLLRAHPGVLSERCTDEKSRRILAALCQDYQGGTLAGDLCEDLCVAGELLFQRCLHYNRGKKVLQADWRGRPVVLKSKEEAFSSFPPLSLLEEEAGEGGQDMPEAELLLMVAGEVKSALGLELSNSSLGPWWPGRRGPRWRGQLASLWALLQQEEYVYFSLLQDLSPHVLPVLGSCGHFYAVEFLAAGSPHHRALFPLDRAPGAPGGGQAKAISDIALSFLDMVNHFDSDFSHRLHLCDIKPENFAIRSDFTVVAIDVDMAFFEPKMREILEQNCTGDEDCNFFDCFSRCDLRVNKCGAQRVNNNLQVICDKIFRHWFSAPLKSSAVSFQLQLQLQEAVQECADPGVPSGNTRRAASSVFWKLRQLLQATLRELQEAEK
>DIK1C_MOUSE,269,0,0,269,0,
MARAAGERGRAARCGRWRRGALLAFAAWTAGWVLAAALLLRAHPSVLSERCTDEKSRRILAALCQDYRRGWLTGALCEDLCVGGELLYQRCLYYERGKKVLQAQWRGRTVVLKSKREAFSSFPPLTLLEEEAGAGAPGIPEAELLLMVAGEVKNTLGLELPNNSIAPLWPARQGPGWRQQLASAWSLLQQEEYVYFSLLPDLSRHILPVLGSCGHFYAVEYLAAGSPHHKALFPLDDAGQAQAISHIALSFLDMVSHFDSDFSHRLHLCDVKPENFAIKRDFTVVAIDVDMAFFEPKMREILEQNCTGDEDCNFFDCFSKCDLRVHKCGAQRVNSNLQVICDKIFRHWFSSTHRSPAVSLQLRLQLQQAVQECAQHGGSSGNSWTASSSVFWKLRWLLQATLKELQEAEK
>DRS7B_BOVIN,250,0,0,250,0,
MVSAATRKSLLRARVMDFITSTAILPLLLGCVGLFSLFKLLQWLRMRAYVRNAVVVITGATSGLGRECARVFHAAGARLVLCGRNAEALEELSQELAASRAPGVQTHKPCTVTFDLADPGAIAGAASEILQCFGHVDVLINNAGISYRGAIVDTSPDVDKRVMETNYFGPVALTKALLPAMIRRRQGHVVAISSIQGKISLPFRSAYAASKHATQAFFDCLRAEVEQHDIEVTVISPGYIHTNLSLNAVTADGSKYGVMDETTAQGRSPVQVAQDILAALGKKKKDVVLADPMPSLAVYLRTLAPGLFFRLMASRARKERKSKHS
>DRS7B_HUMAN,250,0,0,250,0,
MVSPATRKSLPKVKAMDFITSTAILPLLFGCLGVFGLFRLLQWVRGKAYLRNAVVVITGATSGLGKECAKVFYAAGAKLVLCGRNGGALEELIRELTASHATKVQTHKPYLVTFDLTDSGAIVAAAAEILQCFGYVDILVNNAGISYRGTIMDTTVDVDKRVMETNYFGPVALTKALLPSMIKRRQGHIVAISSIQGKMSIPFRSAYAASKHATQAFFDCLRAEMEQYEIEVTVISPGYIHTNLSVNAITADGSRYGVMDTTTAQGRSPVEVAQDVLAAVGKKKKDVILADLLPSLAVYLRTLAPGLFFSLMASRARKERKSKNS
>DRS7B_MOUSE,250,0,0,250,0,
MISPSFRKGMLKERVMDLASQTTILPLLFGCLGIFSLFRLLQRIRSKAYLRNAVVVVTGATSGLGRECAKVFHAAGAKLVLCGRNVKALEELSRELAGSSQGQTHQPFVVTFDLADPGTIAAAAAEILQCFGYVDVLINNAGISYRGTISDTIVDVDRKVMEINYFGPVALTKALLPSMVERKQGHIVAISSIQGKISIPFRSAYSASKHATQAFFDCLRAEMEEANIKVTVISPGYIHTNLSVNAVTADGSRYGALDKNTAQGRSAAEVAQDVFDAVGKKKKDVLLTDFVPSMAVYIRTLAPGLFFRIMASRARKERKSKSS
>DRS7B_PONAB,250,0,0,250,0,
MVSLATRKSLPKVKAMDFITSTAILPLLFSCLGVFGLFRLLQWVRGKAYLRNAVVVITGATSGLGKECAKVFYAAGAKLVLCGRNGGALEELIRELTASHATKVQTHKPYLVTFDLTDSGAIVAAAAEILQCFGYVDILVNNAGISYRGTIMDTTVDVDKRVMETNYFGPVALTKALLPSMIKRRQGHIVAISSIQGKISIPFRSAYAASKHATQAFFDCLRAEMEQYEIEVTVISPGYIHTNLSVNAVTADGSRYGVMDTTTAQGRSPVEVAQDVLAAVGKKKKDVILADLLPSLAVYLRTLAPGLFFSLMASRARKERKSKNS
>DRS7B_RAT,269,0,0,269,0,
MISPSSRKGMLKERAMDLVTQTTILPLLFGCLGIFSLFRLLQRTRSKAYLRNAVVVVTGATSGLGKECARVFHAAGAKVVLCGRNVKALEEFTRELADSSSSQGQTHQPCVVTFDLADPGAIAPAAAEILQCFGYVDILINNAGISYRGAISDTIVDVDRKVMEINYFGPVALTKALLPSMVERKRGHIVAISSIQGKISIPFRSAYAASKHATQAFFDCLRAEMKDSDIEVTVISPGYIHTNLSVNAVTADGSRYGALDKNTAQGRSAVEVAQDIFDAVGKKKKDVLLTDFLPTMAVYIRTLAPRLFFRIMASRARKERKSKNS
>EDEM1_HUMAN,269,0,0,269,0,
MQWRALVLGLVLLRLGLHGVLWLVFGLGPSMGFYQRFPLSFGFQRLRSPDGPASPTSGPVGRPGGVSGPSWLQPPGTGAAQSPRKAPRRPGPGMCGPANWGYVLGGRGRGPDEYEKRYSGAFPPQLRAQMRDLARGMFVFGYDNYMAHAFPQDELNPIHCRGRGPDRGDPSNLNINDVLGNYSLTLVDALDTLAIMGNSSEFQKAVKLVINTVSFDKDSTVQVFEATIRVLGSLLSAHRIITDSKQPFGDMTIKDYDNELLYMAHDLAVRLLPAFENTKTGIPYPRVNLKTGVPPDTNNETCTAGAGSLLVEFGILSRLLGDSTFEWVARRAVKALWNLRSNDTGLLGNVVNIQTGHWVGKQSGLGAGLDSFYEYLLKSYILFGEKEDLEMFNAAYQSIQNYLRRGREACNEGEGDPPLYVNVNMFSGQLMNTWIDSLQAFFPGLQVLIGDVEDAICLHAFYYAIWKRYGALPERYNWQLQAPDVLFYPLRPELVESTYLLYQATKNPFYLHVGMDILQSLEKYTKVKCGYATLHHVIDKSTEDRMESFFLSETCKYLYLLFDEDNPVHKSGTRYMFTTEGHIVSVDEHLRELPWKEFFSEEGGQDQGGKSVHRPKPHELKVINSSSNCNRVPDERRYSLPLKSIYMRQIDQMVGLI
>EDEM1_MOUSE,305,0,0,250,0,
MQWRALVLGLVLLRLGLHAVLWLVFGLGPSMGFYQRFPLSFGFQRLRDPDGSGPVGPPGGPAWLHRPRRGTEGRLETPPEPGPTPGPGVCGPAHWGYALGGGGCGPDEYERRYSGAFPPQLRAQMRDLARGMFVFGYDNYMAHAFPQDELNPIYCRGRGPDRGDPSNLNINDVLGNYSLTLVDALDTLAIMGNSSEFQKAVKLVINTVSFDKDSTVQVFEATIRVLGSLLSAHRIITDSKQPFGDMTIEDYDNELLYMAHDLAVRLLPAFENTKTGIPYPRVNLKTGVPPDSNNETCTAGAGSLLVEFGILSRLLGDSTFEWVARRAVKALWNLRSNDTGLLGNVVNIQTGHWVGKQSGLGAGLDSFYEYLLKSYILFGEKEDLEMFNAAYQSIQSYLRRGREACNEGEGDPPLYVNVNMFSGQLMNTWIDSLQAFFPGLQVLIGDVEDAICLHAFYYAIWKRYGALPERYNWQLQAPDVLFYPLRPELVESTYLLYQATKNPFYLHVGMDILQSLEKYTKVKCGYATLHHVIDKSKEDRMESFFLSETCKYLYLLFDEENPVHKSGTRYMFTTEGHIISVDKRLRELPWKEFFSEDGERDQEEKFVHRPKSQELRVINSSSNCNRVPDERRYSLPLKSIYMRQIDQMVGLI
>ERAP1_HUMAN,305,0,0,305,0,
MVFLPLKWSLATMSFLLSSLLALLTVSTPSWCQSTEASPKRSDGTPFPWNKIRLPEYVIPVHYDLLIHANLTTLTFWGTTKVEITASQPTSTIILHSHHLQISRATLRKGAGERLSEEPLQVLEHPRQEQIALLAPEPLLVGLPYTVVIHYAGNLSETFHGFYKSTYRTKEGELRILASTQFEPTAARMAFPCFDEPAFKASFSIKIRREPRHLAISNMPLVKSVTVAEGLIEDHFDVTVKMSTYLVAFIISDFESVSKITKSGVKVSVYAVPDKINQADYALDAAVTLLEFYEDYFSIPYPLPKQDLAAIPDFQSGAMENWGLTTYRESALLFDAEKSSASSKLGITMTVAHELAHQWFGNLVTMEWWNDLWLNEGFAKFMEFVSVSVTHPELKVGDYFFGKCFDAMEVDALNSSHPVSTPVENPAQIREMFDDVSYDKGACILNMLREYLSADAFKSGIVQYLQKHSYKNTKNEDLWDSMASICPTDGVKGMDGFCSRSQHSSSSSHWHQEGVDVKTMMNTWTLQKGFPLITITVRGRNVHMKQEHYMKGSDGAPDTGYLWHVPLTFITSKSDMVHRFLLKTKTDVLILPEEVEWIKFNVGMNGYYIVHYEDDGWDSLTGLLKGTHTAVSSNDRASLINNAFQLVSIGKLSIEKALDLSLYLKHETEIMPVFQGLNELIPMYKLMEKRDMNEVETQFKAFLIRLLRDLIDKQTWTDEGSVSERMLRSQLLLLACVHNYQPCVQRAEGYFRKWKESNGNLSLPVDVTLAVFAVGAQSTEGWDFLYSKYQFSLSSTEKSQIEFALCRTQNKEKLQWLLDESFKGDKIKTQEFPQILTLIGRNPVGYPLAWQFLRKNWNKLVQKFELGSSSIAHMVMGTTNQFSTRTRLEEVKGFFSSLKENGSQLRCVQQTIETIEENIGWMDKNFDKIRVWLQSEKLERM
>ERAP1_MOUSE,250,0,0,250,0,
MPSLLPLVLTFLSVSSPSWCQNSDIESLKASNGDSFPWNNMRLPEYMTPIHYDLMIHANLSTLTFWGKTEVEIIASRPTSTIIMHSHHLQISKATLRRGAGEMLSEEPLKVLEYPAHEQVALLAAQPLLAGSLYTVIIDYAANLSESFHGFYKSTYRTQEGEMRILAATQFEPTAARMAFPCFDEPALKASFSIKIKRDPRHLAISNMPLVKSVNVAEGLIEDHFDITVKMSTYLVAFIISDFKSVSKMTKSGVKVSVYAVPDKINQADYALDAAVTLLEFYEDYFNIPYPLPKQDLAAIPDFQSGAMENWGLTTYRESSLLYDKEKSSASSKLGITMIVSHELAHQWFGNLVTMEWWNDLWLNEGFAKFMEFVSVTVTHPELKVEDYFFGKCFNAMEVDALNSSHPVSTPVENPAQIREMFDDVSYEKGACILNMLRDYLSADTFKRGIVQYLQKYSYKNTKNEDLWNSMMHICPTDGTQTMDGFCSRSQHSSSTSHWRQEVVDVKTMMNTWTLQKGFPLITITVSGRNVHMKQEHYMKGSERFPETGYLWHVPLTFITSKSDSVQRFLLKTKTDVLILPEAVQWIKFNVGMNGYYIVHYADDGWASLSGLLKEAHTTISSNDRASLINNAFQLVSIEKLSIEKALDLTLYLKNETEIMPIFQALNELIPMYKLMEKRDMIEVETQFKDFLLKLLKDLIDKQTWTDEGSVSERMLRSQLLLLACVRNYQPCVQRAERYFREWKSSNGNMSIPIDVTLAVFAVGAQNTEGWDFLYSKYQSSLSSTEKSQIEFSLCTSKDPEKLQWLLDQSFKGEIIKTQEFPHILTLIGRNPVGYPLAWKFLRENWNKLVQKFELGSSSIAHMVMGTTDQFSTRARLEEVKGFFSSLKENGSQLRCVQQTIETIEENIRWMDKNFDKIRLWLQKEKPELL
>ERAP1_RAT,250,0,0,250,0,
MPSLLSLVLTFLAVSSPSCCQNSDTASPKASNGASFPWNNMRLPEYITPIHYDLMIHANLSTLTFWGKTEVEITVSQPTSTIIMHSHQLQISKATLRRGAEEMLPEEPLKLMEYSAHEQVALLTAQPLLAGSVYTVIITYAANLSENFHGFYKSTYRTQEGERRILAATQFEPTAARMAFPCFDEPALKASFSIKIKRDPRHLAISNMPLVKSVTVAEGLIEDHFDITVKMSTYLVAFIISDFKSVSKMTKSGVKVSVYAVPDKINQADYALDAAVTLLEFYEDYFSIPYPLPKQDLAAIPDFQSGAMENWGLTTYRESALLYDKEKSSASSKLGITMTVSHELAHQWFGNLVTMEWWNDLWLNEGFAKFMEFVSVTVTHPELKVEEYFFGKCFNAMEVDALNSSHPVSTPVENPAQIREMFDEVSYEKGACILNMLRDYLSADTFKRGIVQYLQKYSYKNTKNEDLWNSMMHICPTDGTQTMDGFCSRNQHSSSTSHWRQEVIDIKSMMNTWTLQKGFPLITITVRGRNVHLKQEHYMKGSECFPETGSLWHVPLTFITSKSDSVQRFLLKTKTDVIILPEAVEWIKFNVGMNGYYIVHYGDDGWASLNGLLKEAHTTISSNDRASLINNAFQLVSIGKLSIEKALDLILYLKNETEIMPIFQGLNELIPMYKLMEKRDMVEVETQFKDFLLRLLKDLINKQTWTDEGSVSERMLRSQLLLLACVHRYQLCVQRAERYFREWKASNGNMSLPIDVTLAVFAVGAQNTEGWDFLYSKYQSSLSSTEKSQIEFSLCISQDPEKLQWLLDQSFKGEIIKTQEFPHILTLIGRNPVGYPLAWKFLKENWNKIVQKFELGSSSIAHMVMGTTNQFSTRARLEEVKGFFSSLKKNGSQLRCVQQTIETIEENIRWMDKNFDKIRLWLQKERQELL
>ERAP2_BOVIN,250,0,0,250,0,
MANSCRKLIFNIYVVFYCSAVIMPQICICSQFTSSPIDQFNKDPKAFPVATNGEIFPWHELRLPTVVIPLHYDLLIHPNLTSLDFVASEKIEVLVRDATQFIILHSKDLEILNASLQSEEDVRYKKPGENLTVLSYPAHQQIALLVPEKLRAHLRYSVAIDFQAKLADGFEGFYKSTYRTLGGETRTIAVTDFEPTEARMAFPCFDEPLFKANFSIKIRRESRHIALSNMPKVKTIELEGGLLEDHFETTVRMSTYLVAYIVCDFTSVSGTASSGVKVSIYASPDKWSQTHYALEASVKLLDFYENYFDIHYPLPKLDLVAIPDFASGAMENWGLITYRETSLLFDPKTSSTSDKLWVTKVIAHELAHQWFGNLVTMEWWNDIWLNEGFARYMELISLNITYPELQFDDSFSNTCFEVIKRDSLNSSHPISNEAKTATQIKEMFDAVSYNKGACILNMLKDFLSEETFRKGIIHYLKKFTYRNAKNDDLWHSLSNNCLEGDSTSGGFCYSDSRKTSNTLAFLRENVELKEMMATWTLQKGIPLVVVKREGRSLRLQQERFLSGVFKEDPEWGTLQERYLWHIPVTYSTSSSQAIHRHILKLKTDTVDLSEKTDWVKFNVDSSGYYIVHYEGQGWDELITLLNQNHTLLRPKDRLGLIHDAFQLVSAGRLTLDKALDLTRYLQHETSIPALLKGLEYLELFYRMVERRNISDVTENLKHYLLQYFKPVIDTQSWLDEGSVWDRMLRSTVLKLACYLNHAPCIQKATELFSQWMESSGKLNIPADVLTIVYSVGAQTTAGWNYLLEQYELSLSGAEKNKILYALSTSKHQEKLMKLIELGMEGKVIKTQDLATLLFTTARNPKGQQLAWNFVKENWTHLLKKFELGSFPIRMIISGTTSHFSSKDELQEVKLFFESLKAQGSHLDIFQIILETISKNIKWLEKNLPTLRKWLLTSI
>ERAP2_HUMAN,269,0,0,269,0,
MFHSSAMVNSHRKPMFNIHRGFYCLTAILPQICICSQFSVPSSYHFTEDPGAFPVATNGERFPWQELRLPSVVIPLHYDLFVHPNLTSLDFVASEKIEVLVSNATQFIILHSKDLEITNATLQSEEDSRYMKPGKELKVLSYPAHEQIALLVPEKLTPHLKYYVAMDFQAKLGDGFEGFYKSTYRTLGGETRILAVTDFEPTQARMAFPCFDEPLFKANFSIKIRRESRHIALSNMPKVKTIELEGGLLEDHFETTVKMSTYLVAYIVCDFHSLSGFTSSGVKVSIYASPDKRNQTHYALQASLKLLDFYEKYFDIYYPLSKLDLIAIPDFAPGAMENWGLITYRETSLLFDPKTSSASDKLWVTRVIAHELAHQWFGNLVTMEWWNDIWLKEGFAKYMELIAVNATYPELQFDDYFLNVCFEVITKDSLNSSRPISKPAETPTQIQEMFDEVSYNKGACILNMLKDFLGEEKFQKGIIQYLKKFSYRNAKNDDLWSSLSNSCLESDFTSGGVCHSDPKMTSNMLAFLGENAEVKEMMTTWTLQKGIPLLVVKQDGCSLRLQQERFLQGVFQEDPEWRALQERYLWHIPLTYSTSSSNVIHRHILKSKTDTLDLPEKTSWVKFNVDSNGYYIVHYEGHGWDQLITQLNQNHTLLRPKDRVGLIHDVFQLVGAGRLTLDKALDMTYYLQHETSSPALLEGLSYLESFYHMMDRRNISDISENLKRYLLQYFKPVIDRQSWSDKGSVWDRMLRSALLKLACDLNHAPCIQKAAELFSQWMESSGKLNIPTDVLKIVYSVGAQTTAGWNYLLEQYELSMSSAEQNKILYALSTSKHQEKLLKLIELGMEGKVIKTQNLAALLHAIARRPKGQQLAWDFVRENWTHLLKKFDLGSYDIRMIISGTTAHFSSKDKLQEVKLFFESLEAQGSHLDIFQTVLETITKNIKWLEKNLPTLRTWLMVNT
>ERAP2_PONAB,250,0,0,250,0,
MLHSSAMVNSHRKSMFNIHKGFYCLAAILPQICICSQFSVPSSYHFSEDPGAFPVATNGERFPWQELRLPSVVIPLHYDLFVHPNLTSLDFVASEKIEVLVSNATQFIILHSKDLEITNATLQSEEDSRYMKPGKELKVLSYPAHQQIALLVPEKLMPHLKYYVAIDFQAKLGDGFEGFYKSTYRTLGGETRILAVTDFEPTQARMAFPCFDEPLFKANFSIKIRRESGHIALSNMPKVRTIELEGGLLEDHFETTVKMSTYLVAYIVCDFHSVSGITSSGVKVSIYASPDKQNQTHYALQASLKLLDFYEKYFDIYYPLSKLDLIAIPDFASGAMENWGLITYRETSLLFDPKTSSASDKLWVTRVIAHELAHQWFGNLVTMEWWNDIWLKEGFAKYMELIAVNATYPELQFDDYFLNVCFEVITKDSLNSSRPISKPAETPTQIQEMFDEVSYNKGACILNMLKDFLGEEKFQKGIIQYLKKFSYRNAKNDDLWSSLSNSCLESDFTSGGVCHSDPKMTSNMLTFLGENAEVKEMMTTWTLQKGIPLLVVKQDGCSLRLQQERFLQGVFQEDPEWRALQERYLWHIPLTYSTSSSNVIHRHILKSKTDTLDLPEKTSWVKFNVDSNGYYIVHYEGHGWDQLITQLNQNHTLLRPKDRVGLIHDVFQLVGAGRLTLDKALDMTHYLQHETSSPALLEGLSYLELFYHMMDRRNISDISENLKRYLLQYFKPVIDRQSWSDEGSVWDRMLRSALLKLACDLNHAPCIQKATELFSQWMESSGKLNIPTDVLKIVYSVGAQTAAGWNYLLEQYELSMSSAEQNKILYALSTSKHQEKLLKLIELGMEGKVIKTQNLAALLHVIARRPKGQQLAWDFVRENWTHLLKKFDLGSFDIRMIISGTTARFSSKDKLQEVKLFFESLEAQGSHLDIFQIVLETITKNIKWLEKNLPTLRTWLLVNT
>ERLN1_HUMAN,269,0,0,269,0,
MNMTQARVLVAAVVGLVAVLLYASIHKIEEGHLAVYYRGGALLTSPSGPGYHIMLPFITTFRSVQTTLQTDEVKNVPCGTSGGVMIYIDRIEVVNMLAPYAVFDIVRNYTADYDKTLIFNKIHHELNQFCSAHTLQEVYIELFDQIDENLKQALQKDLNLMAPGLTIQAVRVTKPKIPEAIRRNFELMEAEKTKLLIAAQKQKVVEKEAETERKKAVIEAEKIAQVAKIRFQQKVMEKETEKRISEIEDAAFLAREKAKADAEYYAAHKYATSNKHKLTPEYLELKKYQAIASNSKIYFGSNIPNMFVDSSCALKYSDIRTGRESSLPSKEALEPSGENVIQNKESTG
>ERLN1_MOUSE,250,0,0,250,0,
MNMTQARLLVAAVVGLVAILLYASIHKIEEGHLAVYYRGGALLTSPSGPGYHIMLPFITTFRSVQTTLQTDEVKNVPCGTSGGVMIYIDRIEVVNMLAPYAVFDIVRNYTADYDKTLIFNKIHHELNQFCSAHTLQEVYIELFDQIDENLKQALQKDLNTMAPGLTIQAVRVTKPKIPEAIRRNFELMEAEKTKLLIAAQKQKVVEKEAETERKRAVIEAEKIAQVAKIRFQQKVMEKETEKRISEIEDAAFLAREKAKADAEYYAAHKYATSNKHKLTPEYLELKKYQAIASNSKIYFGSNIPSMFVDSSCALKYSDGRTGREDSLPPEEAREPSGESPIQNKENAG
>ERLN1_PONAB,250,0,0,250,0,
MNMTQARVLVAAVVGLVAVLLYASIHKIEEGHLAVYYRGGALLTSPSGPGYHIMLPFITTFRSVQTTLQTDEVKNVPCGTSGGVMIYIDRIEVVNMLAPYAVFDIVRNYTADYDKTLIFNKIHHELNQFCSAHTLQEVYIELFDQIDENLKQALQKDLNLMAPGLTIQAVRVTKPKIPEAIRRNFELMEAEKTKLLIAAQKQKVVEKEAETERKKAVIEAEKIAQVAKIRFQQKVMEKETEKRISEIEDAAFLAREKAKADAEYYAAHKYATSNKHKLTPEYLELKKYQAIASNSKIYFGSNIPNMFVDSSCALKYSDIRTGRESSHPSKEALEPSGENLIQNKESTG
>ERLN2_BOVIN,250,0,0,250,0,
MAQLGAVVAVAASFFCASLFSAVHKIEEGHIGVYYRGGALLTSTSGPGFHLMLPFITSYKSVQTTLQTDEVKNVPCGTSGGVMIYFDRIEVVNFLVPHAVYDIVKNYTADYDKALIFNKIHHELNQFCSVHTLQEVYIELFDQIDENLKLALQQDLTSMAPGLVIQAVRVTKPNIPEAIRRNYELMESEKTKLLIAAQKQKVVEKEAETERKKALIEAEKVAQVAEITFGQKVMEKETEKRISEIEDAAFLAREKAKADAECYTAMKIAEANKLKLTPEYLQLMKYKAIASNSKIYFGKDIPNMFMDSAGGVGKQFEGLADKLSFVLEDEPMEADSEN
>ERLN2_HUMAN,269,0,0,269,0,
MAQLGAVVAVASSFFCASLFSAVHKIEEGHIGVYYRGGALLTSTSGPGFHLMLPFITSYKSVQTTLQTDEVKNVPCGTSGGVMIYFDRIEVVNFLVPNAVYDIVKNYTADYDKALIFNKIHHELNQFCSVHTLQEVYIELFDQIDENLKLALQQDLTSMAPGLVIQAVRVTKPNIPEAIRRNYELMESEKTKLLIAAQKQKVVEKEAETERKKALIEAEKVAQVAEITYGQKVMEKETEKKISEIEDAAFLAREKAKADAECYTAMKIAEANKLKLTPEYLQLMKYKAIASNSKIYFGKDIPNMFMDSAGSVSKQFEGLADKLSFGLEDEPLETATKEN
>ERLN2_MOUSE,250,0,0,250,0,
MAQLGAVVAVASSFFCASLFSAVHKIEEGHIGVYYRGGALLTSTSGPGFHLMLPFITSYKSVQTTLQTDEVKNVPCGTSGGVMIYFDRIEVVNFLVPNAVYDIVKNYTADYDKALIFNKIHHELNQFCSVHTLQEVYIELFDQIDENLKLALQQDLTSMAPGLVIQAVRVTKPNIPEAIRRNYELMESEKTKLLIAAQKQKVVEKEAETERKKALIEAEKVAQVAEITYGQKVMEKETEKKISEIEDAAFLAREKAKADAECYTALKIAEANKLKLTPEYLQLMKYKAIASNSKIYFGKDIPNMFMDSAGGLGKQFEGLSDDKLGFGLEDEPLEAPTKEN
>ERLN2_PONAB,250,0,0,250,0,
MAQLGAVVAVASSFFCASLFSAVHKIEEGHIGVYYRGGALLTSTSGPGFHLMLPFITSYKSVQTTLQTDEVKNVPCGTSGGVMIYFDRIEVVNFLVPNAVYDIVKNYTADYDKALIFNKIHHELNQFCSVHTLQEVYIELFDQIDENLKLALQQDLTSMAPGLVIQAVRVTKPNIPEAIRRNYELMESEKTKLLIAAQKQKVVEKEAETERKKALIEAEKVAQVAEITYGQKVMEKETEKKISEIEDAAFLAREKAKADAECYTAMKIAEANKLKLTPEYLQLMKYKAIASNSKIYFGKDIPNMFMDSAGSVSKQFEGLADKLSFGLEDEPLETATKEN
>ERLN2_RAT,250,0,0,250,0,
MAQLGAVVAVASSFFCASLFSAVHKIEEGHIGVYYRGGALLTSTSGPGFHLMLPFITSYKSVQTTLQTDEVKNVPCGTSGGVMIYFDRIEVVNFLVPHAVYDIVKNYTADYDKALIFNKIHHELNQFCSVHTLQEVYIELFDQIDENLKLALQQDLTSMAPGLVIQAVRVTKPNIPEAIRRNYELMESEKTKLLIAAQKQKVVEKEAETERKKALIEAEKVAQVAEITYGQKVMEKETEKKISEIEDAAFLAREKAKADAECYTALKIAEANKLKLTPEYLQLMKYKAIASNSKIYFGKDIPNMFMDSAGGLGKQSEGLSDKLGFGLEDEPLETATKDN
>EXT1_BOVIN,250,0,250,250,0,
MQAKKRYFILLSAGSCLALLFYFGGLQFRASRSHSRREEHSGRNGLHHPSPDHFWPRFPDALRPFVPWDQLENEDSSVHVSPRQKREANSSIYKGKKCRMESCFDFTLCKKNGFKVYVYPQQKGEKIAESYQNILAAIEGSRFYTSDPSQACLFVLSLDTLDRDQLSPQYVHNLRSKVQSLHLWNNGRNHLIFNLYSGTWPDYTEDVGFDIGQAMLAKASISTENFRPNFDVSIPLFSKDHPRTGGERGFLKFNTIPPLRKYMLVFKGKRYLTGIGSDTRNALYHVHNGEDVVLLTTCKHGKDWQKHKDSRCDRDNTEYEKYDYREMLHNATFCLVPRGRRLGSFRFLEALQAACVPVMLSNGWELPFSEVINWNQAAVIGDERLLLQIPSTIRSIHQDKILALRQQTQFLWEAYFSSVEKIVLTTLEIIQDRIFKHISRNSLIWNKHPGGLFVLPQYSSYLGDFPYYYANLGLKPPSKFTAVIHAVTPLVSQSQPVLKLLVAAAKSQYCAQIIVLWNCDKPLPAKHRWPATSVPVIVIEGESKVMSSRFLPYDNIITDAVLSLDEDTVLSTTEVDFAFTVWQSFPERIVGYPARSHFWDNSKERWGYTSKWTNDYSMVLTGAAIYHKYYHYLYTHYLPASLKNMVDQLANCEDILMNFLVSAVTKLPPIKVTQKKQYKETMMGQTSRASRWADPDHFAQRQSCMNTFASWFGYMPLIHSQMRLDPVLFKDQVSILRKKYRDIERL
>EXT1_CRIGR,250,0,250,250,0,
MQAKKRYFILLSAGSCLALLFYFGGVQFRASRSHSRREEHSGRNGLHQPSPDHFWPRFADALHPFFPWDQLENEDSGVHVSPRQKRDANSSVYKGKKCRMESCFDFALCKKNGFKVYVYPQQKGEKIAESYQNILAAIEGSRFYTSDPSQACLFVLSLDTLDRDQLSPQYVHNLRSKVQSLHLWNNGRNHLIFNLYSGTWPDYTEDVGFDIGQAMLAKASISTENFRPNFDVSIPLFSKDHPRTGGERGFLKFNTIPPLRKYMLVFKGKRYLTGIGSDTRNALYHVHNGEDVLLLTTCKHGKDWQKHKDSRCDRDNTEYEKYDYREMLHNATFCLVPRGRRLGSFRFLEALQAACVPVMLSNGWELPFSEVINWNQAAVIGDERLLLQIPSTIRSIHQDKILALRQQTQFLWEAYFSSVEKIVLTTLEIIQDRIFKHISRNSLIWNKHPGGLFVLPQYSSYLGDFPYYYANLGLKPPSKFTAVIHAVTPLVSQSQPVLKLLVAAAKSQYCAQIIVLWNCDKPLPAKHRWPATAVPVIVIEGESKVMSSRFLPYDNIITDAVLSLDEDTVLSTTEVDFAFTVWQSFPERIVGYPARSHFWDNSKERWGYTSKWTNDYSMVLTGAAIYHKYYHYLYTHYLPASLKNMVDQLANCEDILMNFLVSAVTKLPPIKVTQKKQYKETMMGQTSRASRWADPDHFAQRQSCMNTFASWFGYMPLIHSQMRLDPVLFKDQVSILRKKYRDIERL
>EXT1_HUMAN,269,0,269,269,0,
MQAKKRYFILLSAGSCLALLFYFGGLQFRASRSHSRREEHSGRNGLHHPSPDHFWPRFPDALRPFVPWDQLENEDSSVHISPRQKRDANSSIYKGKKCRMESCFDFTLCKKNGFKVYVYPQQKGEKIAESYQNILAAIEGSRFYTSDPSQACLFVLSLDTLDRDQLSPQYVHNLRSKVQSLHLWNNGRNHLIFNLYSGTWPDYTEDVGFDIGQAMLAKASISTENFRPNFDVSIPLFSKDHPRTGGERGFLKFNTIPPLRKYMLVFKGKRYLTGIGSDTRNALYHVHNGEDVVLLTTCKHGKDWQKHKDSRCDRDNTEYEKYDYREMLHNATFCLVPRGRRLGSFRFLEALQAACVPVMLSNGWELPFSEVINWNQAAVIGDERLLLQIPSTIRSIHQDKILALRQQTQFLWEAYFSSVEKIVLTTLEIIQDRIFKHISRNSLIWNKHPGGLFVLPQYSSYLGDFPYYYANLGLKPPSKFTAVIHAVTPLVSQSQPVLKLLVAAAKSQYCAQIIVLWNCDKPLPAKHRWPATAVPVVVIEGESKVMSSRFLPYDNIITDAVLSLDEDTVLSTTEVDFAFTVWQSFPERIVGYPARSHFWDNSKERWGYTSKWTNDYSMVLTGAAIYHKYYHYLYSHYLPASLKNMVDQLANCEDILMNFLVSAVTKLPPIKVTQKKQYKETMMGQTSRASRWADPDHFAQRQSCMNTFASWFGYMPLIHSQMRLDPVLFKDQVSILRKKYRDIERL
>EXT1_MOUSE,269,0,269,269,0,
MQAKKRYFILLSAGSCLALLFYFGGVQFRASRSHSRREEHSGRNGLHQPSPDHFWPRFPDALRPFFPWDQLENEDSSVHISPRQKRDANSSIYKGKKCRMESCFDFTLCKKNGFKVYVYPQQKGEKIAESYQNILAAIEGSRFYTSDPSQACLFVLSLDTLDRDQLSPQYVHNLRSKVQSLHLWNNGRNHLIFNLYSGTWPDYTEDVGFDIGQAMLAKASISTENFRPNFDVSIPLFSKDHPRTGGERGFLKFNTIPPLRKYMLVFKGKRYLTGIGSDTRNALYHVHNGEDVLLLTTCKHGKDWQKHKDSRCDRDNTEYEKYDYREMLHNATFCLVPRGRRLGSFRFLEALQAACVPVMLSNGWELPFSEVINWNQAAVIGDERLLLQIPSTIRSIHQDKILALRQQTQFLWEAYFSSVEKIVLTTLEIIQDRIFKHISRNSLIWNKHPGGLFVLPQYSSYLGDFPYYYANLGLKPPSKFTAVIHAVTPLVSQSQPVLKLLVAAAKSQYCAQIIVLWNCDKPLPAKHRWPATAVPVIVIEGESKVMSSRFLPYDNIITDAVLSLDEDTVLSTTEVDFAFTVWQSFPERIVGYPARSHFWDNSKERWGYTSKWTNDYSMVLTGAAIYHKYYHYLYSHYLPASLKNMVDQLANCEDILMNFLVSAVTKLPPIKVTQKKQYKETMMGQTSRASRWADPDHFAQRQSCMNTFASWFGYMPLIHSQMRLDPVLFKDQVSILRKKYRDIERL
>EXT1_PAPAN,250,0,250,250,0,
MQAKKRYFILLSAGSCLALLFYFGGLQFRASRSHSRREEHSGRNGLHHPSPDHFWPRFPDALRPFVPWDQLENEDSSVHISPRQKRDANSSIYKGKKCRMESCFDFTLCKKNGFKVYVYPQQKGEKIAESYQNILAAIEGSRFYTSDPSQACLFVLSLDTLDRDQLSPQYVHNLRSKVQSLHLWNNGRNHLIFNLYSGTWPDYTEDVGFDIGQAMLAKASISTENFRPNFDVSIPLFSKDHPRTGGERGFLKFNTIPPLRKYMLVFKGKRYLTGIGSDTRNALYHVHNGEDVVLLTTCKHGKDWQKHKDSRCDRDNTEYEKYDYREMLHNATFCLVPRGRRLGSFRFLEALQAACVPVMLSNGWELPFSEVINWNQAAVIGDERLLLQIPSTIRSIHQDKILALRQQTQFLWEAYFSSVEKIVLTTLEIIQDRIFKHISRNSLIWNKHPGGLFVLPQYSSYLGDFPYYYANLGLKPPSKFTAVIHAVTPLVSQSQPVLKLLVAAAKSQYCAQIIVLWNCDKPLPAKHRWPATAVPVIVIEGESKVMSSRFLPYDNIITDAVLSLDEDTVLSTTEVDFAFTVWQSFPERIVGYPARSHFWDNSKERWGYTSKWTNDYSMVLTGAAIYHKYYHYLYSHYLPASLKNMVDQLANCEDILMNFLVSAVTKLPPIKVTQKKQYKETMMGQTSRASRWADPDHFAQRQSCMNTFASWFGYMPLIHSQMRLDPVLFKDQVSILRKKYRDIERL
>EXT1_PONAB,250,0,250,250,0,
MQAKKRYFILLSAGSCLALLFYFGGLQFRASRSHSRREEHSGRNGLHHPSPDHFWPRFPDALRPFVPWDQLENEDSSVHISPRQKRDANSSIYKGKKCRMESCFDFTLCKKNGFKVYAYPQQKGEKIAESYQNILAAIEGSRFYTSDPSQACLFVLSLDTLDRDQLSPQYVHNLRSKVQSLHLWNNGRNHLIFNLYSGTWPDYTEDVGFDIGQAMLAKASISTENFRPNFDVSIPLFSKDHPRTGGERGFLKFNTIPPLRKYMLVFKGKRYLTGIGSDTRNALYHVHNGEDVVLLTTCKHGKDWQKHKDSRCDRDNTEYEKYDYREMLHNATFCLVPRGRRLGSFRFLEALQAACVPVMLSNGWELPFSEVINWNQAAVIGDERLLLQIPSTIRSIHQDKILALRQQTQFLWEAYFSSVEKIVLTTLEIIQDRIFKHISRNSLIWNKHPGGLFVLPQYSSYLGDFPYYYANLGLKPPSKFTAVIHAVTPLVSQSQPVLKLLVAAAKSQYCAQIIVLWNCDKPLPAKHRWPATAVPVIVIEGESKVMSSRFLPYDNIITDAVLSLDEDTVLSTTEVDFAFTVWRSFPERIVGYPARSHFWDNSKERWGYTSKWTNDYSMVLTGAAIYHKYYHYLYSHYLPASLKNMVDQLANCEDILMNFLVSAVTKLPPIKVTQKEQYKETMMGQTSRASRWADPDHFAQRQSCMNTFASWFGYMPLIHSQMRLDPVLFKDQVSILRKKYRDIERL
>EXT2_BOVIN,250,0,250,250,0,
MCASVKYNIRGPALIPRMKTKHRIYYITLFSIVLLGLIATGMFQFWPHSIESSGDWSVEKRTGRDVPLVRLPADSPVPERGDLSCRMHTCFDVYRCGFNPKNKIKVYIYPLKKYVGEAGVPVSSTISREYNELLTAISDSDYYTDDVTRACLFVPSIDLLNQNSLRVKETAQALAQLSRWDRGTNHLLFNMLPGGPPDYNTALDVPRDRALLAGGGFSTWTYRQGYDVSIPVYSPLSAEVDLPEKGPGPRRYFLLSSQVALHPEYREDLAALQARHGEAVLVLDKCSNLSEGVPAARRRCHQQQAFDYPQVLQEATFCMVLRGARLGQAVLSDVLRAGCVPVIIADSYVLPFSEVLDWKRASVVVPEEKMSDVYSILQSIPRRQIEEMQRQARWFWEAYFQSIKAIALATLQIINDRIYPYAAISYEDWNDPPAVKWGSVSNPLFLPLIPPQSQGFTAIVLTYDRVESLFRVITEVSKVPSLSKLLVVWNNQNKNPPEDSLWPKIRVPLKVVRTAENKLSNRFFPYDEIETEAVLAIDDDIIMLTSDELQFGYEVWREFPDRLVGYPGRLHLWDHEMNKWKYESEWTNEVSMVLTGAAFYHKYFNYLYTYKMPGDIKNWVDAHMNCEDIAMNFLVANVTGKAVIKVTPRKKFKCPECTAIDGLSLDQTHMVERSECINKFASVFGTMPLKVVEHRADPVLYKDDFPEKLKSFPNIGSL
>EXT2_HUMAN,269,0,269,269,0,
MCASVKYNIRGPALIPRMKTKHRIYYITLFSIVLLGLIATGMFQFWPHSIESSNDWNVEKRSIRDVPVVRLPADSPIPERGDLSCRMHTCFDVYRCGFNPKNKIKVYIYALKKYVDDFGVSVSNTISREYNELLMAISDSDYYTDDINRACLFVPSIDVLNQNTLRIKETAQAMAQLSRWDRGTNHLLFNMLPGGPPDYNTALDVPRDRALLAGGGFSTWTYRQGYDVSIPVYSPLSAEVDLPEKGPGPRQYFLLSSQVGLHPEYREDLEALQVKHGESVLVLDKCTNLSEGVLSVRKRCHKHQVFDYPQVLQEATFCVVLRGARLGQAVLSDVLQAGCVPVVIADSYILPFSEVLDWKRASVVVPEEKMSDVYSILQSIPQRQIEEMQRQARWFWEAYFQSIKAIALATLQIINDRIYPYAAISYEEWNDPPAVKWGSVSNPLFLPLIPPQSQGFTAIVLTYDRVESLFRVITEVSKVPSLSKLLVVWNNQNKNPPEDSLWPKIRVPLKVVRTAENKLSNRFFPYDEIETEAVLAIDDDIIMLTSDELQFGYEVWREFPDRLVGYPGRLHLWDHEMNKWKYESEWTNEVSMVLTGAAFYHKYFNYLYTYKMPGDIKNWVDAHMNCEDIAMNFLVANVTGKAVIKVTPRKKFKCPECTAIDGLSLDQTHMVERSECINKFASVFGTMPLKVVEHRADPVLYKDDFPEKLKSFPNIGSL
>EXT2_MOUSE,269,0,269,250,0,
MCASVKSNIRGPALIPRMKTKHRIYYVTLFSIVLLGLIATGMFQFWPHSIESSSDGGVEKRSIREVPVVRLPTDSPIPERGDLSCRMHTCFDVYRCGFNPKNKIKVYIYPLKKYVDDAGVPVSSAISREYNELLTAISDSDYYTDDINRACLFVPSIDVLNQNPLRIKETAQALAQLSRWDRGTNHLLFNMLPGAPPDYNTALDVPRDRALLAGGGFSTWTYRQGYDVSIPVFSPLSAEMALPEKAPGPRRYFLLSSQMAIHPEYREELEALQAKHQESVLVLDKCTNLSEGVLSVRKRCHQHQVFDYPQVLQEATFCTVLRGARLGQAVLSDVLQAGCVPVVIADSYILPFSEVLDWKRASVVVPEEKMSDVYSILQNIPQRQIEEMQRQARWFWEAYFQSIKAIALATLQIINDRIYPYAAISYEEWNDPPAVKWASVSNPLFLPLIPPQSQGFTAIVLTYDRVESLFRVITEVSKVPSLSKLLVVWNNQNKNPPEESLWPKIRVPLKVVRTAENKLSNRFFPYDEIETEAVLAIDDDIIMLTSDELQFGYEVWREFPDRLVGYPGRLHLWDHEMNKWKYESEWTNEVSMVLTGAAFYHKYFNYLYTYKMPGDIKNWVDTHMNCEDIAMNFLVANVTGKAVIKVTPRKKFKCPECTAIDGLSLDQTHMVERSECINKFASVFGTMPLKVVEHRADPVLYKDDFPEKLKSFPNIGSL
>EXTL1_HUMAN,250,0,0,250,0,
MQSWRRRKSLWLALSASWLLLVLLGGFSLLRLALPPRPRPGASQGWPRWLDAELLQSFSQPGELPEDAVSPPQAPHGGSCNWESCFDTSKCRGDGLKVFVYPAVGTISETHRRILASIEGSRFYTFSPAGACLLLLLSLDAQTGECSSMPLQWNRGRNHLVLRLHPAPCPRTFQLGQAMVAEASPTVDSFRPGFDVALPFLPEAHPLRGGAPGQLRQHSPQPGVALLALEEERGGWRTADTGSSACPWDGRCEQDPGPGQTQRQETLPNATFCLISGHRPEAASRFLQALQAGCIPVLLSPRWELPFSEVIDWTKAAIVADERLPLQVLAALQEMSPARVLALRQQTQFLWDAYFSSVEKVIHTTLEVIQDRIFGTSAHPSLLWNSPPGALLALSTFSTSPQDFPFYYLQQGSRPEGRFSALIWVGPPGQPPLKLIQAVAGSQHCAQILVLWSNERPLPSRWPETAVPLTVIDGHRKVSDRFYPYSTIRTDAILSLDARSSLSTSEVDFAFLVWQSFPERMVGFLTSSHFWDEAHGGWGYTAERTNEFSMVLTTAAFYHRYYHTLFTHSLPKALRTLADEAPTCVDVLMNFIVAAVTKLPPIKVPYGKQRQEAAPLAPGGPGPRPKPPAPAPDCINQIAAAFGHMPLLSSRLRLDPVLFKDPVSVQRKKYRSLEKP
>EXTL1_MOUSE,250,0,0,250,0,
MLWRRKSFWLALSAFWLLLVLLGVFPLRLAVLPGPLPGRSQGWPRWLDAAFLQSFSQSETNPEDVAQLPRVSRGSSCTWGACFDTSKCRGKVLKIFVHSPAGPTSEAQRRILDSLEGSRYSALSPADACLLLFLPSQDRRGACGPLPPNWNGGRNHLVLSLYPAPCTRLGQAMVAEASPSSDIFRPGFDLALPYLPEAHPLRGGAPGKLQQHSPQPGATLLAVAEEKGRWRITSTHASACLWDRHCEQDPGPQQTYPGETLPNATFCLIPGHRSATSCFLQALQAGCIPVLLSPRWELPFSEVIDWTKAAIIADERLPLQVLAALREMLPSRVLALRQQTQFLWTAYFSSVEKVIHTTLEIIQDRIWGASGHPSLMWNSPPGALLALPTFSTSLQDFPFYHLQLGSGPGSSFSAVIWVGASGESLLKLIQEVAGSRHCAQILILWNSEKLPPDRWPETAVPLTVIKGHRKVSNRFFPYSNISTNVILSLDAQSTLSTSEVDFAFVVWQSFPERMVGFLSGSHFWDEAQGGWGYRTGMTNEFSMVLTTAAFYHRYYHTLFTHSLPKALRTIADETPTCVDVLMNFLVATVTKLPPIKVPYGRQHPEAVPMDSGDPRPVPEPQPLDQDCINRLAAGFGHMPLVSSQVRLDPVLFKDPVSVQRKKYRSLEKP
>EXTL2_HUMAN,250,0,0,250,0,
MRCCHICKLPGRVMGIRVLRLSLVVILVLLLVAGALTALLPSVKEDKMLMLRREIKSQGKSTMDSFTLIMQTYNRTDLLLKLLNHYQAVPNLHKVIVVWNNIGEKAPDELWNSLGPHPIPVIFKQQTANRMRNRLQVFPELETNAVLMVDDDTLISTPDLVFAFSVWQQFPDQIVGFVPRKHVSTSSGIYSYGSFEMQAPGSGNGDQYSMVLIGASFFNSKYLELFQRQPAAVHALIDDTQNCDDIAMNFIIAKHIGKTSGIFVKPVNMDNLEKETNSGYSGMWHRAEHALQRSYCINKLVNIYDSMPLRYSNIMISQFGFPYANYKRKI
>EXTL2_MOUSE,250,0,0,250,0,
MMRGCHICKLPGRVMGIRVLRFSLVVILVLLLVAGALTNLLPNIKEDKMLTLRREIKSPSKSALDSFTLIMQTYNRTDLLLRLLNHYQAVPSLHKVIVVWNNVGEKGPEELWNSLGPHPIPVIFKPQTANKMRNRLQVFPEVETNAVLMVDDDTLISAQDLVFAFSIWQQFPDQIIGFVPRKHVSTSSGIYSYGGFELQTPGPGNGDQYSMVLIGASFFNSKYLELFQKQPAAVHALIDETQNCDDIAMNFLVTRHTGKPSGIFVKPINMVNLEKETNGYSGMWHRAEHFLQRSYCINKLVNIYDGMPLKYSNIMISQFGFPYANHKSKM
>EXTL3_HUMAN,269,0,269,269,0,
MTGYTMLRNGGAGNGGQTCMLRWSNRIRLTWLSFTLFVILVFFPLIAHYYLTTLDEADEAGKRIFGPRVGNELCEVKHVLDLCRIRESVSEELLQLEAKRQELNSEIAKLNLKIEACKKSIENAKQDLLQLKNVISQTEHSYKELMAQNQPKLSLPIRLLPEKDDAGLPPPKATRGCRLHNCFDYSRCPLTSGFPVYVYDSDQFVFGSYLDPLVKQAFQATARANVYVTENADIACLYVILVGEMQEPVVLRPAELEKQLYSLPHWRTDGHNHVIINLSRKSDTQNLLYNVSTGRAMVAQSTFYTVQYRPGFDLVVSPLVHAMSEPNFMEIPPQVPVKRKYLFTFQGEKIESLRSSLQEARSFEEEMEGDPPADYDDRIIATLKAVQDSKLDQVLVEFTCKNQPKPSLPTEWALCGEREDRLELLKLSTFALIITPGDPRLVISSGCATRLFEALEVGAVPVVLGEQVQLPYQDMLQWNEAALVVPKPRVTEVHFLLRSLSDSDLLAMRRQGRFLWETYFSTADSIFNTVLAMIRTRIQIPAAPIREEAAAEIPHRSGKAAGTDPNMADNGDLDLGPVETEPPYASPRYLRNFTLTVTDFYRSWNCAPGPFHLFPHTPFDPVLPSEAKFLGSGTGFRPIGGGAGGSGKEFQAALGGNVPREQFTVVMLTYEREEVLMNSLERLNGLPYLNKVVVVWNSPKLPSEDLLWPDIGVPIMVVRTEKNSLNNRFLPWNEIETEAILSIDDDAHLRHDEIMFGFRVWREARDRIVGFPGRYHAWDIPHQSWLYNSNYSCELSMVLTGAAFFHKYYAYLYSYVMPQAIRDMVDEYINCEDIAMNFLVSHITRKPPIKVTSRWTFRCPGCPQALSHDDSHFHERHKCINFFVKVYGYMPLLYTQFRVDSVLFKTRLPHDKTKCFKFI
>EXTL3_MOUSE,250,0,250,250,0,
MTGYTMLRNGGVGNGGQTCMLRWSNRIRLTWLSFTLFIILVFFPLIAHYYLTTLDEADEAGKRIFGPRAGSELCEVKHVLDLCRIRESVSEELLQLEAKRQELNSEIAKLNLKIEACKKSIENAKQDLLQLKNVISQTEHSYKELMAQNQPKLSLPIRLLPEKDDAGLPPPKVTRGCRLHNCFDYSRCPLTSGFPVYVYDSDQFAFGSYLDPLVKQAFQATVRANVYVTENAAIACLYVVLVGEMQEPTVLRPADLEKQLFSLPHWRTDGHNHVIINLSRKSDTQNLLYNVSTGRHVAQSTFYAAQYRAGFDLVVSPLVHAMSEPNFMEIPPQVPVKRKYLFTFQGEKIESLRSSLQEARSFEEEMEGDPPADYDDRIIATLKAVQDSKLDQVLVEFTCKNQPKPSLPTEWALCGEREDRLELLKLSTFALIITPGDPHLLISSGCATRLFEALEVGAVPVVLGEQVQLPYHDMLQWNEAALVVPKPRVTEVHFLLRSLSDSDLLAMRRQGRFLWETYFSTADSIFNTVLAMIRTRIQIPAAPIREEVAAEIPHRSGKAAGTDPNMADNGDLDLGPVETEPPYASPKYLRNFTLTVTDCYRGWNSAPGPFHLFPHTPFDPVLPSEAKFLGSGTGFRPIGGGAGGSGKEFQAALGGNVQREQFTVVMLTYEREEVLMNSLERLNGLPYLNKVVVVWNSPKLPSEDLLWPDIGVPIMVVRTEKNSLNNRFLPWNEIETEAILSIDDDAHLRHDEIMFGFRVWREARDRIVGFPGRYHAWDIPHQSWLYNSNYSCELSMVLTGAAFFHKYYAYLYSYVMPQAIRDMVDEYINCEDIAMNFLVSHITRKPPIKVTSRWTFRCPGCPQALSHDDSHFHERHKCINFFVKVYGYMPLLYTQFRVDSVLFKTRLPHDKTKCFKFI
>FICD_CRIGR,250,0,0,250,0,
MPMASVIAVAEPKWISVWGRFLWLTLLSMALGSLLALLLPLGAVEEQCLAVLRSFHLLRSKLDRTQHVVTKCTSPSTELSVTSGDVGLLTVKTKTSPAGKLEAKAALNQALEMKRQGKREKAHKLFLHALKMDPGFVDALNEFGIFSEEEKDIIQADYLYTRALTISPFHEKALVNRDRTLPLVEEIDQRYFSIIDSKVKKVMSIPKGSSALRRVMEETYYHHIYHTVAIEGNTLTLSEIRHILETRYAVPGKSLEEQNEVIGMHAAMKYINTTLVSRIGSVTIDDMLEIHRRVLGYVDPVEAGRFRRTQVLVGHHIPPHPRDVEKQMQEFTQWLNSEDAMNLHPVEFAALAHYKLVYIHPFIDGNGRTSRLLMNLILMQAGYPPITILKEQRSEYYHVLEVANEGDVRPFIRFIAKCTEVTLDTLLLATTEYSVALPEAQPNHSGLKETLPVRP
>FICD_HUMAN,305,0,0,269,0,
MMLIPMASVMAVTEPKWVSVWSRFLWVTLLSMVLGSLLALLLPLGAVEEQCLAVLKGLYLLRSKPDRAQHAATKCTSPSTELSITSRGATLLVAKTKASPAGKLEARAALNQALEMKRQGKREKAQKLFMHALKMDPDFVDALTEFGIFSEEDKDIIQADYLYTRALTISPYHEKALVNRDRTLPLVEEIDQRYFSIIDSKVKKVMSIPKGNSALRRVMEETYYHHIYHTVAIEGNTLTLSEIRHILETRYAVPGKSLEEQNEVIGMHAAMKYINTTLVSRIGSVTISDVLEIHRRVLGYVDPVEAGRFRTTQVLVGHHIPPHPQDVEKQMQEFVQWLNSEEAMNLHPVEFAALAHYKLVYIHPFIDGNGRTSRLLMNLILMQAGYPPITIRKEQRSDYYHVLEAANEGDVRPFIRFIAKCTETTLDTLLFATTEYSVALPEAQPNHSGFKETLPVKP
>FICD_MOUSE,250,0,0,250,0,
MILMPMASVVAVAEPKWVSVWGRFLWMALLSMALGSLLALLLPLGVVEEHCLAVLRGFHLLRSKLDRAQPVVPKCTSLCTELSVSSRDAGLLTVKTTASPAGKLEAKAALNQALEMKRQGKRGKAHKLFLHALKMDPGFVDALNEFGIFSEEDKDIIQADYLYTRALTISPFHEKALVNRDRTLPLVEEIDQRYFSVIDSKVKKVMSIPKGSSALRRVMEETYYHHIYHTVAIEGNTLTLSEIRHILETRYAVPGKSLEEQNEVIGMHAAMKYINTTLVSRIGSVTMDDMLEIHRRVLGYVDPVEAGRFRRTQVLVGHHIPPHPRDVEKQMQEFTQWLNSEDAMNLHPVEFAALAHYKLVYIHPFIDGNGRTSRLLMNLILMQAGYPPITIRKEQRSEYYHVLEVANEGDVRPFIRFIAKCTEVTLDTLLLATTEYSVALPEAQPNHSGFKETLPVRP
>FICD_RAT,250,0,0,250,0,
MILMPMASVVAVAEPKWVSVWGRFLWMTLLSMALGSLLALLLPLGAVEEQCLAVLRGFHLLRSKLDRAQHVVTKCTSPSTELSVTSRDAGLLTVKTKASPAGKLEAKAALNQALEMKRQGKRGKAHKLFLHALKMDPGFVDALNELGIFSEEDKDIIQADYLYTRALTISPFHEKALINRDRTLPLVEEIDQRYFSVLDSKVRKVMSIPKGSSALRRVMEETYYHHIYHTVAIEGNTLTLAEIRHILETRYAVPGKSLEEQNEVIGMHAAMKYINSTLVSRIGSVTIDHMLEIHRRVLGYVDPVEAGRFRRTQVLVGHHIPPHPRDVEKQMQEFTQWLNSEDAMNLHPVEFAALAHYKLVYIHPFIDGNGRTSRLLMNLILMQAGYPPITIRKEQRSEYYHVLEVANEGDVRPFIRFIAKCTEVTLDTLLLATTEYSAALPEAQPNHSGFKETLPVRP
>FKRP_HUMAN,305,250,269,269,0,
MRLTRCQAALAAAITLNLLVLFYVSWLQHQPRNSRARGPRRASAAGPRVTVLVREFEAFDNAVPELVDSFLQQDPAQPVVVAADTLPYPPLALPRIPNVRLALLQPALDRPAAASRPETYVATEFVALVPDGARAEAPGLLERMVEALRAGSARLVAAPVATANPARCLALNVSLREWTARYGAAPAAPRCDALDGDAVVLLRARDLFNLSAPLARPVGTSLFLQTALRGWAVQLLDLTFAAARQPPLATAHARWKAEREGRARRAALLRALGIRLVSWEGGRLEWFGCNKETTRCFGTVVGDTPAYLYEERWTPPCCLRALRETARYVVGVLEAAGVRYWLEGGSLLGAARHGDIIPWDYDVDLGIYLEDVGNCEQLRGAEAGSVVDERGFVWEKAVEGDFFRVQYSESNHLHVDLWPFYPRNGVMTKDTWLDHRQDVEFPEHFLQPLVPLPFAGFVAQAPNNYRRFLELKFGPGVIENPQYPNPALLSLTGSG
>FKRP_MOUSE,305,269,269,250,0,
MRLTRCWAALAAAIILNLLVFFYVSWLQHQPRNSRARGPRRTSAIGPRVTVLIREFEAFDNAVPELVDSFLQQDPAQPVVVAADTLPYPPLALPRIPNVRLALLQPALDRPAAASRPETYVATEFVALVPDGARAESPGHLERMVEALRGSSARLVAAPVATANPARCLALNVSLREWTARYDPAPSAPRCDALDGDAVLLMRSRDLFNLSVPLARPLATSLFLQTALRGWAVQLLDLTFAAARQPPLATAHARWKAEREGRSRRAALLRSLGIRLVSWEGGRLEWFGCSKESARCFGTVAGDTPAYLYEGRWTPPCCLRALRETARYVVGVLEAAGVRYWLEGGSLLGAARHGDIIPWDYDVDLGIYLEDVGNCEQLRGAEAGSVVDERGFVWEKAVEGDFFRVQYSENNHLHVDLWPFYPRNGVMTKDTWLDHRQDVEFPEHFLQPLVPLPFAGFMAQAPNNYRRFLELKFGPGVIENPEYPNPALLSLTGG
>FKTN_MOUSE,305,0,269,305,0,
MSRINKNVVLALLTLTSSAFLLFQLYYYKHYLSARNGPGSSKSKGNRVGFDSTQWRAVKKFIMLTSSQNVPVFLIDPWILESINKNFEQVKNASQGPASECRFFCVPRDFTAFALQYHLWKNEDGWFRIAENMGFQCLKTESKDPRLDGIDSLSGTEIPLHYVCKLTTHAIHLVVFHERSGNYLWHGHLRLKGHMDRKFVPFRKLQFGRYPGAFDRPELQQVTVDGLDMLIPKDPGRFLEEVPHSRFIECRYKEARAFLQQYIDDNTVDAMVFRKRAKELLQLAAKTLKDLGVPFWLSSGTCLGWYRQCGIIPYSKDVDLGIFIQDYKPDIILAFQEAGLPLKHKFGKVEDSLELSFQGKNDVKLDIFFFYEEADHLWNGGTQARTGKKFKYLFPKFTLCWTEFVDIKVHVPCETVDYIEANYGKTWKIPIKTWDWKSSPPNVQPNGIWPISEWDEVIQLY
>HG2A_MOUSE,250,250,250,250,1,
MDDQRDLISNHEQLPILGNRPREPERCSRGALYTGVSVLVALLLAGQATTAYFLYQQQGRLDKLTITSQNLQLESLRMKLPKSAKPVSQMRMATPLLMRPMSMDNMLLGPVKNVTKYGNMTQDHVMHLLTRSGPLEYPQLKGTFPENLKHLKNSMDGVNWKIFESWMKQWLLFEMSKNSLEEKKPTEAPPKVLTKCQEEVSHIPAVYPGAFRPKCDENGNYLPLQCHGSTGYCWCVFPNGTEVPHTKSRGRHNCSEPLDMEDLSSGLGVTRQELGQVTL
>HG2A_RAT,250,250,250,250,1,
MDDQRDLISNHEQLPILGQRARAPESNCNRGVLYTSVSVLVALLLAGQATTAYFLYQQQGRLDKLTVTSQNLQLENLRMKLPKSAKPVSPMRMATPLLMRPLSMDNMLQAPVKNVTKYGNMTQDHVMHLLTKSGPVNYPQLKGSFPENLKHLKNSMNGLDWKVFESWMKQWLLFEMSKNSLEEKQPTQTPPKVLTKCQEEVSHIPDVHPGAFRPKCDENGNYMPLQCHGSTGYCWCVFPNGTEVPHTKSRGRHNCSEPLDMEDPSSGLGVTKQDMGQMFL
>KTN1_MOUSE,269,0,0,269,1,
MELYESTYFIVLIPSVVITVIFLFFWLFMKETLYDEVLAKQKREQKLISTKTDKKKAEKKKNKKKEIQNGTLRESDSEHVPRDFKLSDASPAEDEQFVPAPLNVAETSSSVRERQKKEKKQKPSLEEQVIKESDASKIPGKKVEPVLVTKQPAPPPPLEAAALKKKAGQKKSKNGSEEQDKKVEMLMAPSKEQDVLLSHQDTKQEGGLGKKKGLSKKQKSENVAVLVDEPLIHATTYMPLDNANSNLMMDKREIIDMIKPDHVEGIQKSGTKKLKIETDKENAEVKFKDFLLSLKTMMFSEDEALCVVDLLKEKSGVIKEALKKSNKGELSGLLHQLQEKERLLSAMKEDAAASKERCKRLTQEMMTEKERSSVVIARMKDRIGTLEKEHNIFQNKMHASYQETQQMQMKFQQVQEQMEAEIAHLKQENGILRDAVSNTTNQLESKQSAELNKLRQDCGRLVSELNEKTGKLQQEGVQKKNAEQAATQLKVQLQEAERRWEEVQSYIRKRTAEHEAAQQDLQSKFVAKENEVQSLHSKLTDTLVSKQQLEQRLMQLMESEQKRASKEESLQIQVQDILEQNEALKAQIQQFHSQIAAQTSASVLAEELHKVIAEKDKQLKQTEDSLANEQDHLASKEEELKDVQNMNFLLKAEVQKWQALANEQAATAHEVEKMQKSIHVKEDEIRLLEEQLQHEVASKMEELKILSEQNKALQSEVRKLQTAVSQQPNKDVVEQMEKCIQEKDEKLRTVEELLETGLIQVATREEELSAIRTENSTLTREVQELKAKQSDQVSFVSLIEDLKRVIHEKDGQIKSVEELLEVELLKVANKEKTVQALKQEIEVLKEEIGNAQLEKAHQLSVTSQVQELQNLLRGKEEQVNSMKAALEDRDRGLTGRGTCAQVCSTPQFEELESVLKEKDNEIKRIEVKLKDTESDVSKMSELLKEVQEENKFLKCQLSHQKHQQASFPSQEELQTVISEKEKEITDLCNELESLKNAVEHQRKKNNDLREKNWEAMEALASTEKMLQDRVNKTSKERRQHVEAIELESKDLLKRLFPTVSVPSNLNYSEWLRGFEKKAKACVAGTSDAEAVKVLEHRLKEASEMHTLLQLECEKYKSVLAETEGILQKLQRSVEQEESKWKIKADESQRMIKQMQSSFTASERELERLRQENKDMENLRREREHLEMELEKAEMERSTYVMEVRELKDLLTELQKKLDDSYSEAVRQNEELNLLKTQLNETHSKLQNEQTERKKVADDLHKAQQSLNSIHSKISLKAAGDTVVIENSDISPEMESPEKETMSVSLNQTVTQLQQLLQEVNQQLTKET
>LRC59_BOVIN,250,0,0,250,0,
MTKAGSKGGNLRDKLDGNELDLSLSDLNEVPVKELAALPKATVLDLSCNKLTTLPSDFCGLTHLVKLDLSKNKLRQLPADFGRLVNLQHLDLLNNRLVTLPVSFAQLKSLKWLDLKDNPLDPVLAKVAGDCLDEKQCKQCANKVLQHMKAVQADQERERQRRLEIDREAEKKWEAKQRAKEAQERELRKREKAEEKERRRKEYDALKAAKREQEKKPKKETNQAPKSKSSSRPRKPPPRKHTRSWAVLKLLLLLLLCVAGGLVACRVTELQQQPLCTSVNTIYDNAVRGLRSHDILQWVLQTDSQQ
>LRC59_MOUSE,250,0,0,250,0,
MTKAGSKGGNLRDKLDGNELDLSLSDLNEVPVKELAALPKATVLDLSCNKLSTLPSDFCGLTHLVKLDLSKNKLQQLPADFGRLVNLQHLDLLNNRLVTLPVSFAQLKNLKWLDLKDNPLDPVLAKVAGDCLDEKQCKQCANKVLQHMKAVQADQERERQRRLEVEREAEKKREAKQQAKEAKERELRKREKAEEKERRRKEYDAQKASKREQEKKPKKEANQAPKSKSGSRPRKPPPRKHTRSWAVLKVLLLLLLLCVAGGLVVCRVTGLHQQPLCTSVNTIYDNAVQGLRHHEILQWVLQTDSQQ
>LRC59_RAT,250,0,0,250,0,
MTKTGSKGGNLRDKLDGNELDLSLSDLNEVPVKELAALPKATVLDLSCNKLSTLPSDFCGLTHLVKLDLSKNKLQQLPADFGRLVNLQHLDLLNNRLVTLPVSFAQLKNLKWLDLKDNPLDPVLAKVAGDCLDEKQCKQCANKVLQHMKAVQADQERERQRRLEVEREAEKKREAKQQAKEAKERELRKREKAEEKERRRKEYDAQKASKREQEKKPKKETNQAPKSKSGSRPRKPPPRKHNRSWAVLKGLLLLLLLCVAGGLVVCRVTGLQQQPLCTSVNAIYDNAVQGLRHHEILQWVLQTDSQQ
>MA1A1_PIG,269,0,0,269,0,
MPVGGLLPLFSSPAGGGLGGGLGGGLGGGGGGGGRKGSGPSAFRLTEKFVLLLVFSAFITLCFGAIFFLPDSSKLLSGVLFHSSPALQPAADHKPGPGARAEDAADGRARPGEEGAPGDPAAALEDNLARIRENHERALMEAKETLQKLPEEIQRDILMEKEKVAQDQMSNRMGFRLPPVYLVPLIGAIDREPADAAVREKRAKIKEMMKHAWNNYKLYAWGKNELKPVSKGGHSSSLFGNIKGATIVDALDTLFIMKMKNEFEEAKAWVEEHLNFNVNAEVSVFEVNIRFIGGLISAYYLSGEEIFRKKAVELGVKLLPAFYTPSGIPWALLNIKSGIGRNWPWASGGSSILAEFGTLHLEFIHLSYLSGNPFFAEKVMNIRKVLNNLEKPQGLYPNYLNPNSGQWGQYHVSVGGLGDSFYEYLLKAWLMSDKTDLEAKKMYFDAIKAIETHLIRKSRNGLTYIAEWKGGLLEHKMGHLTCFAGGMFALGADDAPDGLTQHYLQLGAEIARTCHESYSRTFVKLGPEAFRFDGGVEAIATRQNEKYYILRPEVVETYLYMWRLTHDPKYRKWAWEAVEALEKHCRVNGGYSGLRDVYVSAQTYDDVQQSFFLAETLKYLYLIFSDDDLLPLEHWIFNTEAHPLPVLSRNIKKVEDNEK
>MA1B1_HUMAN,269,0,0,269,0,
MAACEGRRSGALGSSQSDFLTPPVGGAPWAVATTVVMYPPPPPPPHRDFISVTLSFGENYDNSKSWRRRSCWRKWKQLSRLQRNMILFLLAFLLFCGLLFYINLADHWKALAFRLEEEQKMRPEIAGLKPANPPVLPAPQKADTDPENLPEISSQKTQRHIQRGPPHLQIRPPSQDLKDGTQEEATKRQEAPVDPRPEGDPQRTVISWRGAVIEPEQGTELPSRRAEVPTKPPLPPARTQGTPVHLNYRQKGVIDVFLHAWKGYRKFAWGHDELKPVSRSFSEWFGLGLTLIDALDTMWILGLRKEFEEARKWVSKKLHFEKDVDVNLFESTIRILGGLLSAYHLSGDSLFLRKAEDFGNRLMPAFRTPSKIPYSDVNIGTGVAHPPRWTSDSTVAEVTSIQLEFRELSRLTGDKKFQEAVEKVTQHIHGLSGKKDGLVPMFINTHSGLFTHLGVFTLGARADSYYEYLLKQWIQGGKQETQLLEDYVEAIEGVRTHLLRHSEPSKLTFVGELAHGRFSAKMDHLVCFLPGTLALGVYHGLPASHMELAQELMETCYQMNRQMETGLSPEIVHFNLYPQPGRRDVEVKPADRHNLLRPETVESLFYLYRVTGDRKYQDWGWEILQSFSRFTRVPSGGYSSINNVQDPQKPEPRDKMESFFLGETLKYLFLLFSDDPNLLSLDAYVFNTEAHPLPIWTPA
>MGT4D_HUMAN,305,0,250,305,0,
MRTKQVNLLITLVAVALFSFSCFSIYRITQTNNQLINCRNHILEFKENMLHLRNKTEKNTQEMMKVLNRMKYEITKREILSGNLVAQKADILNKNETVSNTFEDLKFFFPHLRKEGRIYPDVIIGKGKTGVSFALGISTVNRGNYSYLKQTLTSVVSRMTLSQEKDSVVIVLVADSNEDYLHSVVKMITKKFKRQVRSGSLEVISIPAFLYSSMLNAKHLAEASQKLASWRIKQVLDFCILLLYAQPKAKYYLQLEDDIIAKEMYFTKITDFVGNISSNNWFFIEFSMLGFIGKLFRSEDLTHFVRFFLMFYKEKPIDWLLNDIFQVKVCDAGEDLRNCMKRKKQIRIQYKPSLFQHVGIHSSFPRKEQYEKKI
>MGT4D_MOUSE,250,0,250,269,1,
MKAKNVNLLFAFVAVLLFGFSCFCISRMNQTNNQLINCRNHVLEFKEIMLRLKNKSENHHQDLMQVLYQMKRKAAHTTRSSGNFLEKKGSILSQHETLPNQFEVLKYFLPHLRTAGKLYPAIATSKGRAGVSFALGISTINRGNHTYLKQTLTSVLSRMTPEEEEDSVVIVSVADTDESYLKSVVRMVKTKFRKQVQSGVLEVISIPTLFYPQTLLDKKTKTDSESWQIKQVLDFCILMLYAQPKATYYLQLEDDIVAKKMYFTKMKDFVNSLTSKNWFFIEFSVLGFIGKLFRSKDLTDFVHFFLMFYETKPIDILLDDIFLIRVCISGEPVRSCLQRKKGFRIQYRPSLFQHVGTQSSFPGREQHLKDNYY
>MGT4D_RAT,305,0,269,305,0,
MKTKNVNLLFALVAVLLFGFSCFCISRMNQTNNQLINCRNHVLEFKETMLRLKNKSENNHQNLVKVLHQLKHKVAPAKPSGSILEKKVNMLDQDETVFNQFEVLKFFLPHLRTAGNIYPDIAIGRQRAGVSFALGITTIDRGNHTYLKQTLTSVLSRMTPEEEEDSVVIVSVADTDENYLKSVVHMVKTRFRKQVQSGALEVISIPALFYPQTLLEKKTTKNAKNWQIKQVLDFCILMLYAQPKATYYLQLEDDIVAKKMYFTKMKDFVNSVTSKDWFYIEFSVLGFIGKLFRSKDLMDFVHFFLIFYRAKPIDVLLDDIALLRMCSFGGPLRSCLQLKREVRVQYKPSLFQHVGTHSSFPGREQHLKDHYY
>MMP23_BOVIN,250,0,0,250,0,
MGRGACVPSAASGAGDRARQLGAVLGALCLFPALVLLAWPGTPANGAGARVAQGDAAPQTSGVLASGSLGPPHPPVPRRRRYTLTPARLRWEHFNLTYKILSFPRNLLSPSETRRGLAAAFRMWSDVSPFSFREVAPEQPSDLRIGFYPVNHTDCLVSPLHHCFDGPTGELAHAFFPPHGGIHFDDSEYWVLGRTRYSWKKGVWLTDLVHVAAHEIGHALGLMHSQHGRALMHLNATLRGWKALSQDELWGLHRLYGCLDRLFVCASWARRGFCDTRRRLMKRLCPSSCDFCYEFPFPTVAATPPPPRTKTKLVPEGRNVTFRCGQKILHKKGKVYWYKDQEPLEFSYPGYLALGEAHLSIIANAINEGTYTCVVRRRQRVLSTYSWRIRVRS
>MMP23_HUMAN,269,0,0,250,0,
MGRGARVPSEAPGAGVERRWLGAALVALCLLPALVLLARLGAPAVPAWSAAQGDVAALGLSAVPPTRVPGPLAPRRRRYTLTPARLRWDHFNLTYRILSFPRNLLSPRETRRALAAAFRMWSDVSPFSFREVAPEQPSDLRIGFYPINHTDCLVSALHHCFDGPTGELAHAFFPPHGGIHFDDSEYWVLGPTRYSWKKGVWLTDLVHVAAHEIGHALGLMHSQHGRALMHLNATLRGWKALSQDELWGLHRLYGCLDRLFVCASWARRGFCDARRRLMKRLCPSSCDFCYEFPFPTVATTPPPPRTKTRLVPEGRNVTFRCGQKILHKKGKVYWYKDQEPLEFSYPGYLALGEAHLSIIANAVNEGTYTCVVRRQQRVLTTYSWRVRVRG
>MMP23_MOUSE,269,0,0,250,0,
MGCRACLRPEASGAVQGRWLGAALSGLCLLSALALLEWLGAPTETAWRAAQGNVDAPNVGSSTAQVPRLLTMSVTRRRRYTLTPARLRWDHFNLTYRVLSFPRNLLSPEETRRGLAAAFRMWSDVSPFSFREVAPERPSDLKIGFYPVNHTDCLVSAVHHCFDGPTGELAHAFFPPHGGIHFDDSEYWVLGPTRYSWKKGVWLTNLVHVAAHEIGHALGLMHSQQDQALMHLNATLRGWKALSQDELWGLHRLYGCLDRIFVCASWARKGFCDVRQRLMKRLCPRSCDFCYEFPFPTVATTTSPTRTKTRLVREGRNMTFHCGQKILHKKGKVYWYKDQEPLEFSYPGYLALGEAQLSIIANAVNEGTYTCVVRRHQRVLSTYSWRVRVRN
>MOGS_MOUSE,250,0,0,250,0,
MARGERRRRAAAAEGARPLERARAAGRRDGRAGGARGSASGAALAVVVLALAFGLSGRWVLAWLRVRRALTLHPAPSALPPDSSSPAVAPELFWGTYRPHVYFGMKTRSPKPLLTGLMWAQQGATPGTPPKLRHTCEQGDGVGPYGWEFHDGRTFGRQHIHDGALRLTTEFVKRPGGQHGGDWSWRVTVEPQASGTPSFPLVSLFFYVVTDGQEVLLPEIGAKGQLKSISGHTSELGDFRLTLLPPTSPGDTVPKHGSYNVFWSSNPGLPQLTDMVKSRLNSWFQHRPPGASPDRYLGLPGSLKWEERGPSGQGQFLIQQVTLKAPFSVEFVFESGSAATGGNQASGRLVGSQLTQALESHAAAFKERFEKTFQLKEKGLSPEEQALGQVALSGLLGGIGYFYGQGLVLPDTSMEGSEQKMDPALFPPVPLFSGVPSRSFFPRGFLWDEGFHQLVVQRWDPHLTREALGHWLGLLNADGWIGREQILGDEARARVPPEFLVQRAAHANPPTLLLPVVHMLEGHDPDDLAFLRKAFPRLHAWFSWLHQSQAGPVPLSYRWRGRDLALPTLLNPKTLPSGLDDYPRASHPSTAERHLDLRCWVALGARVLSQLAEQLGETEAAAELGPLAASLEEPGSLDELHWAPELGVFADFGNHTKAVQLKSRPPQGLVRVVGRPPPRLQYVDALGYVSLFPLLLQLLDPSSPRLGPLLDVLADSRHLWSPFGLRSLSASSLFYKQRNTEHDPPYWRGAVWLNINYLALGALHHYGHVEGPHKVQAAKLYHELRANVVRNVRQQYQATGFLWEQYSDQDGRGMGCRPFQGWTSLVLLIMAEEY
>MOGS_RAT,269,0,0,269,0,
MARGERRRRAAAAEGARPLERARGAGRRDGRAGGARGSAGGAALAVVVLALAFGLSGRWVLAWLGVRRALTLHPAPSALPPDSSSPAVAPEFFWGTYRPHVYFGMKTRSPKPLLTGLMWAQQGATPGTPPKLRHTCEQGDGVGPYGWEFHDGLSFGRQHIYDGALRLTTEFVKRSGGHHGGDWSWRVTVEPQASGTPSFPLVSLFFYVVTDGQEVLLPEVGAKGQLKFISGHTSELGDFRLTLLPPTTPGDTVPKHGSYNVFWSSNPGLPLLTDMVKSHLNSWFHHRPPGASPERYLGLPGSLKWEERGPSGQGQFLVQQVTLKAPFSVEFVFESGSARTGRDQASEQLVGGQLTRALESHAAAFKERFERTFQLKEKGLSPEEQALGQVALSGLLGGIGYFYGQGLVLPDTGMEGSEQKMDPSLFPPVPLFSGVPSRSFFPRGFLWDEGFHQLVVQRWDPHLTREALGHWLGLLNADGWIGREQILGDEARARVPPEFLVQRAAHANPPTLLLPVIHMLEGRAPEDLAFLRRAFPRLHAWFSWLHQSQAGPVPLSYRWRGRDLALPTLLNPKTLPSGLDDYPRASHPSAAERHLDLRCWVTLGARVLSQLAEELGETEAAAELGPLAASLEAAGSLDELHWAPELGVFADFGNHTKAVQLKSRPPQGLVRVVGRPPARLQYVDALGYVSLFPLLLQLLEPSSPRLGPLLDVLADSRHLWSPFGLRSLSASSLFYKQRNTEHDPPYWRGAVWLNINYLALGALHHYGRVEGPHKVQAAKLYRELRANVVSNVRQQYQATGFLWEQYSDQDGRGMGCRPFQGWTSLVLLIMAEEY
>MYORG_HUMAN,250,0,0,269,0,
MLQNPQEKSQAYPRRRRPGCYAYRQNPEAIAAAAMYTFLPDNFSPAKPKPSKDLKPLLGSAVLGLLLVLAAVVAWCYYSVSLRKAERLRAELLDLKAGGFSIRNQKGEQVFRLAFRSGALDLDSCSRDGALLGCSLTADGLPLHFFIQTVRPKDTVMCYRVRWEEAAPGRAVEHAMFLGDAAAHWYGGAEMRTQHWPIRLDGQQEPQPFVTSDVYSSDAAFGGILERYWLSSRAAAIKVNDSVPFHLGWNSTERSLRLQARYHDTPYKPPAGRAAAPELSYRVCVGSDVTSIHKYMVRRYFNKPSRVPAPEAFRDPIWSTWALYGRAVDQDKVLRFAQQIRLHHFNSSHLEIDDMYTPAYGDFDFDEVKFPNASDMFRRLRDAGFRVTLWVHPFVNYNSSRFGEGVERELFVREPTGRLPALVRWWNGIGAVLDFTHPKARDWFQGHLRRLRSRYSVASFKFDAGEVSYLPRDFSTYRPLPDPSVWSRRYTEMALPFFSLAEVRVGYQSQNISCFFRLVDRDSVWGYDLGLRSLIPAVLTVSMLGYPFILPDMVGGNAVPQRTAGGDVPERELYIRWLEVAAFMPAMQFSIPPWRYDAEVVAIAQKFAALRASLVAPLLLELAGEVTDTGDPIVRPLWWIAPGDETAHRIDSQFLIGDTLLVAPVLEPGKQERDVYLPAGKWRSYKGELFDKTPVLLTDYPVDLDEIAYFTWAS
>MYORG_MOUSE,269,0,0,269,0,
MSQNLQETSQAYPRHRPGSHAGPKSLKVTPRATMYTFLPDNFSPAKPKPTKELRPLLCSAVLGLLLVLAAVVAWCYYSASLRKAERLRAELLDLNRGGFSIRNQKGEQVFRLAFRSGALDLDSCSRDGALLGCSRAADGRPLHFFIQTVRPKDTVMCYRVRWEEAVPGRAVEHAMFLGDAAAHWYGGAEMRTQHWPIRLDGQQEPQPFVTSDVYSSDAAFGGILERYWLSSRAAAIKVNDSVPFHLGWNSTERSMRLQARYHDTSYKPPAGRTAAPELSYRVCVGSDVTSIHKYMVRRYFNKPSRVPASEAFRDPIWSTWALHGRAVDQNKVLQFAQQIRQHRFNSSHLEIDDMYTPAYGDFNFDEGKFPNASDMFRRLRDAGFRVTLWVHPFVNYNSSSFGEGVERELFVREPTGRLPALVRWWNGIGAVLDFTHPEAREWFQGHLRRLRLRYNVTSFKFDAGEVSYLPRDFSTYRPLSDPSVWSRRYTEMAEPFFSLAEVRVGYQSQNISCFFRLVDRDSVWGYDLGLRSLIPAVLTVSMLGYPFILPDMIGGNAVPERTAGRQDGPGPERELYVRWLEVAAFMPAMQFSIPPWQYDAEVVAIAHKFAALRASLVAPLLLELAGEITDTGDPIVRPLWWIAPGDETAHRIDSQFLIGDTLLVAPVLEPGKQERDVYLPAGKWRSYKGELFDKTPVLLTDYPVDLDEVAYFTWAS
>NAT8_MOUSE,250,0,250,250,0,
MASFRIRQFQERDYKQVVDVFSRGMEEHIPTAFRHLLTLPRTLLLLAVVPLAIVLVSGSWFLAVVCIFFLFLFLWFLASKPWKNYVSKCLHTDMADITKSYLSVRGSGFWVAESGGQVVGTVAARPVKDPPLGRKQLQLFRLSVSSQHRGQGIAKALTRTVLQFARDQGYSDVVLVTGLLQQGAVTLYYSMGFQKTGESFVDILTWLVDVSLIHFIYPLPSAQKYEL
>NAT8_RAT,250,0,250,250,0,
MASFHIRQFQERDYEQVVDMFSRGMKEHIPTAFRHLLLLPRTLLLLLGVPLALVLVSGSWLLAVVCIFFLLPFLWFLAGQPWKNYVSKCLHTDMADITKSYLSDRGSGFWVAESGGQIVGTVGALPVKDPPSGRKQLQLFRLSVSSQHRGQGIAKALVRTVLQFARDQGYTDVVLVTGLLQQGAVTLYYSMGFQKTGESFMDILTWLVDVSLIHFIYPLPSS
>NF2L1_BOVIN,250,0,0,250,0,
MLSLKKYLTEGLLQFTILLSLIGVRVDVDTYLTSQLPPLREIILGPSSAYTQTQFHNLRNTLDGYGIHPKSIDLDNYFTARRLLNQVRALDRFQVPTTEVNAWLVHRDPEGSVSGSQPSSGLALESSSGLQDVTGPDNGVRESETEQGFSEDLEDLGAVAPPVSGDLTKEDIDLGAGREIFDYSHRQKEQDVDKELRDGAEQEDTWPGEGAEALARNLLVDGETGESFPAQVPGGEDQTALSLEECLRLLEATCPFGENAEFPADISSITEAVPSESEPPGLQNNLLSPLLTGTESPFDLEQQWQDLMSIMEMQAMEVNTSTSEVLYNAPPGDPLSTNYSLAPNTPINQNVSLHQASLGGCSQDFSLFSPEVESLPVASSSTLLPLVPSNSTSLNSTFGSTNLAGLFFPPQLNGTANDTAGPELPDPLGGLLDEAMLDEISLMDLAIEEGFNPVQASQLEEEFDSDSGLSLDSSHSPSSLSSSEGSSSSSSSSSSSSSSSASSSASSSFSEEGAVGYSSDSETLDLEEAEGAVGYQPEYSKFCRMSYQDPSQLSCLPYLEHVGHNHTYNMAPSALDSADLPPPSTLKKGSKEKQADFLDKQMSRDEHRARAMKIPFTNDKIINLPVEEFNELLSKYQLSEAQLSLIRDIRRRGKNKMAAQNCRKRKLDTILNLERDVEDLQRDKARLLREKVEFLRSLRQMKQKVQSLYQEVFGRLRDENGRPYSPSQYALQYAGDGSVLLIPRTLADQQARRQERKPKDRRK
>NF2L1_HUMAN,269,0,0,269,0,
MLSLKKYLTEGLLQFTILLSLIGVRVDVDTYLTSQLPPLREIILGPSSAYTQTQFHNLRNTLDGYGIHPKSIDLDNYFTARRLLSQVRALDRFQVPTTEVNAWLVHRDPEGSVSGSQPNSGLALESSSGLQDVTGPDNGVRESETEQGFGEDLEDLGAVAPPVSGDLTKEDIDLIDILWRQDIDLGAGREVFDYSHRQKEQDVEKELRDGGEQDTWAGEGAEALARNLLVDGETGESFPAQVPSGEDQTALSLEECLRLLEATCPFGENAEFPADISSITEAVPSESEPPALQNNLLSPLLTGTESPFDLEQQWQDLMSIMEMQAMEVNTSASEILYSAPPGDPLSTNYSLAPNTPINQNVSLHQASLGGCSQDFLLFSPEVESLPVASSSTLLPLAPSNSTSLNSTFGSTNLTGLFFPPQLNGTANDTAGPELPDPLGGLLDEAMLDEISLMDLAIEEGFNPVQASQLEEEFDSDSGLSLDSSHSPSSLSSSEGSSSSSSSSSSSSSSASSSASSSFSEEGAVGYSSDSETLDLEEAEGAVGYQPEYSKFCRMSYQDPAQLSCLPYLEHVGHNHTYNMAPSALDSADLPPPSALKKGSKEKQADFLDKQMSRDEHRARAMKIPFTNDKIINLPVEEFNELLSKYQLSEAQLSLIRDIRRRGKNKMAAQNCRKRKLDTILNLERDVEDLQRDKARLLREKVEFLRSLRQMKQKVQSLYQEVFGRLRDENGRPYSPSQYALQYAGDGSVLLIPRTMADQQARRQERKPKDRRK
>NF2L1_MOUSE,250,0,0,269,1,
MLSLKKYLTEGLLQFTILLSLIGVRVDVDTYLTSQLPPLREIILGPSSAYTQTQFHNLRNTLDGYGIHPKSIDLDNYFTARRLLSQVRALDRFQVPTTEVNAWLVHRDPEGSVSGSQPNSGLALESSSGLQDVTGPDNGVRESETEQGFGEDLEDLGAVAPPVSGDLTKEDIDLIDILWRQDIDLGAGREVFDYSHRQKEQDVDKELQDGREREDTWSGEGAEALARDLLVDGETGESFPAQFPADVSSIPEAVPSESESPALQNSLLSPLLTGTESPFDLEQQWQDLMSIMEMQAMEVNTSASEILYNAPPGDPLSTNYSLAPNTPINQNVSLHQASLGGCSQDFSLFSPEVESLPVASSSTLLPLVPSNSTSLNSTFGSTNLAGLFFPSQLNGTANDTSGPELPDPLGGLLDEAMLDEISLMDLAIEEGFNPVQASQLEEEFDSDSGLSLDSSHSPSSLSSSEGSSSSSSSSSSSSASSSASSSFSEEGAVGYSSDSETLDLEEAEGAVGYQPEYSKFCRMSYQDPSQLSCLPYLEHVGHNHTYNMAPSALDSADLPPPSTLKKGSKEKQADFLDKQMSRDEHRARAMKIPFTNDKIINLPVEEFNELLSKYQLSEAQLSLIRDIRRRGKNKMAAQNCRKRKLDTILNLERDVEDLQRDKARLLREKVEFLRSLRQMKQKVQSLYQEVFGRLRDEHGRPYSPSQYALQYAGDGSVLLIPRTMADQQARRQERKPKDRRK
>NF2L1_PONAB,250,0,0,250,0,
MLSLKKYLTEGLLQFTILLSLIGVRVDVDTYLTSQLPPLREIILGPSSAYTQTQFHNLRNTLDGYGIHPKSIDLDNYFTARRLLSQVRALDRFQVPTTEVNAWLVHRDPEGSVSGSQPNSGLALESSSGLQDVTGPDNGVRESETEQGFGEDLEDLGAVAPPVSGDLTKEDIDLIDILWRQDIDLGAGREVFDYSHRQKEQDVEKELRDGGEQDTWAGEGAEALARNLLVDGETGESFPAQVPSGEDQTALSLEECLRLLEATCPFGENAEFPADISSITEAVPSESEPPALQNNLLSPLLAGTESPFDLEQQWQDLMSIMEMQAMEVNTSASEILYSAPPGDPLSTNYSLAPNTPINQNVSPHQASLGGCSQDFLLFSPEVESLPVASSSTLLPLAPSNSTSLNSTFGSTNLTGLFFPPQLNGTANDTAGPELPDPLGGLLDEAMLDEISLMDLAIEEGFNPVQASQLEEEFDSDSGLSLDSSHSPSSLSSSEGSSSSSSSSSSSSSSASSSASSSFSEEGAVGYSSDSETLDLEEAEGAVGYQPEYSKFCRMSYQDPAQLSCLPYLEHVGHNHTYNMAPSALDSADLPPPSALKKGSKEKLADFLDKQMSRDEHRARAMKIPFTNDKIINLPVEEFNELLSKYQLSEAQLSLIRDIRRRGKNKMAAQNCRKRKLDTILNLERDVEDLQRDKARLLREKVEFLRSLRQMKQKVQSLYQEVFGRLRDENGRPYSPSQYALQYAGDGSVLLIPRTMADQQARRQERKPKDRRK
>NSG1_HUMAN,250,0,250,269,0,
MVKLGNNFAEKGTKQPLLEDGFDTIPLMTPLDVNQLQFPPPDKVVVKTKTEYEPDRKKGKARPPQIAEFTVSITEGVTERFKVSVLVLFALAFLTCVVFLVVYKVYKYDRACPDGFVLKNTQCIPEGLESYYAEQDSSAREKFYTVINHYNLAKQSITRSVSPWMSVLSEEKLSEQETEAAEKSA
>NSG1_MACFA,250,0,250,250,0,
MVKLGNNFAEKGTKQPLLEDGFDTIPLMTPLDVNQLQFPPPDKVVVKTKTEYEPDRKKGKARPPQIAEFTVSITEGVTERFKVSVLVLFALAFLTCVVFLVVYKVYKYDRACPDGFVLKNTQCIPEGLESYYAEQDSSAREKFYTVINHYNLAKQSITRSVSPWMSVLSEEKLSEQETEAAEKSA
>NSG1_MOUSE,250,0,250,250,0,
MVKLGNNFAEKGTKQPLLEDGFDTIPLMTPLDVNQLQFPPPDKVVVKTKTEYEPDRKKGKARPPKIAEFTVSITEGVTERFKVSVLVLFALAFLTCVVFLVVYKVYKYDRACPDGFVLKNTQCIPEGLESYYTEQDSSAREKFYTVINHYNVAKQSITRSVSPWMSVLSEEKLSEQETEAAEKSA
>NSG1_PONAB,250,0,250,250,0,
MVKLGNNFAEKGTKQPLLEDGFDTIPLMTPLDVNQLQFPPPDKVVVKTKTEYEPDRKKGKARPPQIAEFTVSITEGVTERFKVSVLVLFALAFLTCVVFLVVYKVYKYDRACPDGFVLKNTQCIPEGLESYYAEQDSSAREKFYTVINHYNLAKQSITRSVSPWMSVLSEEKLSEQETEAAEKSA
>NSG1_RAT,269,0,269,250,0,
MVKLGNNFAEKGTKQPLLEDGFDTIPLMTPLDVNQLQFPPPDKVVVKTKTEYEPDRKKGKARPPKIAEFTVSITEGVTERFKVSVLVLFALAFLTCVVFLVVYKVYKYDRACPDGFVLKNTQCIPEGLESYYTEQDSSAREKFYTVINHYNLAKQSITRSVSPWMSVLSEEKLSEQETEAAEKSA
>NSMA5_MOUSE,250,0,0,269,0,
MSLPDISRRRSPVPQEDWPLTPNALRPSPFPNPVLQALYSLSRVLLFPTYWSLDQLLGCWAPSVRSKSLGWFKVLAGSGVLLPLVVVGLPLALVGLALWLPLQVWRRPFCYQPPPACWVWPQPWHPPAERRRCFVFLTANLCLLPHGLAHFNNLSHSLQRAEAVGAALLDSLQSSQYRVSECSQPPPRVPGGELKATLPMGLDFVCLQEVFDLRAARRLVRVLVPNLGPVIYDVGTFGLMAGPYIKVLGSGLLLASRYPLLRATFRCFPNARREDAMASKGLLSVQAQLGIVDGHPIVGYLHCTHLHAPVEDGHIRCKQLTLLLEWVEEFEAENRQSDEAVAFSVLLGDLNFDNCSQDHAKEQGHKLFSCFQDPCRLGVCQEQPWALGTILNSSMLRHSIACSPEMLRRALRQEKGRRLYLSGPLHGSYPAQSWKGRRLDYITYRRVPGSRLSPEAEQVTFSTAFAGLTDHLAMGLKLQVVCS
>OTOF_HUMAN,250,250,250,250,0,
MALLIHLKTVSELRGRGDRIAKVTFRGQSFYSRVLENCEDVADFDETFRWPVASSIDRNEMLEIQVFNYSKVFSNKLIGTFRMVLQKVVEESHVEVTDTLIDDNNAIIKTSLCVEVRYQATDGTVGSWDDGDFLGDESLQEEEKDSQETDGLLPGSRPSSRPPGEKSFRRAGRSVFSAMKLGKNRSHKEEPQRPDEPAVLEMEDLDHLAIRLGDGLDPDSVSLASVTALTTNVSNKRSKPDIKMEPSAGRPMDYQVSITVIEARQLVGLNMDPVVCVEVGDDKKYTSMKESTNCPYYNEYFVFDFHVSPDVMFDKIIKISVIHSKNLLRSGTLVGSFKMDVGTVYSQPEHQFHHKWAILSDPDDISSGLKGYVKCDVAVVGKGDNIKTPHKANETDEDDIEGNLLLPEGVPPERQWARFYVKIYRAEGLPRMNTSLMANVKKAFIGENKDLVDPYVQVFFAGQKGKTSVQKSSYEPLWNEQVVFTDLFPPLCKRMKVQIRDSDKVNDVAIGTHFIDLRKISNDGDKGFLPTLGPAWVNMYGSTRNYTLLDEHQDLNEGLGEGVSFRARLLLGLAVEIVDTSNPELTSSTEVQVEQATPISESCAGKMEEFFLFGAFLEASMIDRRNGDKPITFEVTIGNYGNEVDGLSRPQRPRPRKEPGDEEEVDLIQNASDDEAGDAGDLASVSSTPPMRPQVTDRNYFHLPYLERKPCIYIKSWWPDQRRRLYNANIMDHIADKLEEGLNDIQEMIKTEKSYPERRLRGVLEELSCGCCRFLSLADKDQGHSSRTRLDRERLKSCMRELENMGQQARMLRAQVKRHTVRDKLRLCQNFLQKLRFLADEPQHSIPDIFIWMMSNNKRVAYARVPSKDLLFSIVEEETGKDCAKVKTLFLKLPGKRGFGSAGWTVQAKVELYLWLGLSKQRKEFLCGLPCGFQEVKAAQGLGLHAFPPVSLVYTKKQAFQLRAHMYQARSLFAADSSGLSDPFARVFFINQSQCTEVLNETLCPTWDQMLVFDNLELYGEAHELRDDPPIIVIEIYDQDSMGKADFMGRTFAKPLVKMADEAYCPPRFPPQLEYYQIYRGNATAGDLLAAFELLQIGPAGKADLPPINGPVDVDRGPIMPVPMGIRPVLSKYRVEVLFWGLRDLKRVNLAQVDRPRVDIECAGKGVQSSLIHNYKKNPNFNTLVKWFEVDLPENELLHPPLNIRVVDCRAFGRYTLVGSHAVSSLRRFIYRPPDRSAPSWNTTVRLLRRCRVLCNGGSSSHSTGEVVVTMEPEVPIKKLETMVKLDATSEAVVKVDVAEEEKEKKKKKKGTAEEPEEEEPDESMLDWWSKYFASIDTMKEQLRQQEPSGIDLEEKEEVDNTEGLKGSMKGKEKARAAKEEKKKKTQSSGSGQGSEAPEKKKPKIDELKVYPKELESEFDNFEDWLHTFNLLRGKTGDDEDGSTEEERIVGRFKGSLCVYKVPLPEDVSREAGYDSTYGMFQGIPSNDPINVLVRVYVVRATDLHPADINGKADPYIAIRLGKTDIRDKENYISKQLNPVFGKSFDIEASFPMESMLTVAVYDWDLVGTDDLIGETKIDLENRFYSKHRATCGIAQTYSTHGYNIWRDPMKPSQILTRLCKDGKVDGPHFGPPGRVKVANRVFTGPSEIEDENGQRKPTDEHVALLALRHWEDIPRAGCRLVPEHVETRPLLNPDKPGIEQGRLELWVDMFPMDMPAPGTPLDISPRKPKKYELRVIIWNTDEVVLEDDDFFTGEKSSDIFVRGWLKGQQEDKQDTDVHYHSLTGEGNFNWRYLFPFDYLAAEEKIVISKKESMFSWDETEYKIPARLTLQIWDADHFSADDFLGAIELDLNRFPRGAKTAKQCTMEMATGEVDVPLVSIFKQKRVKGWWPLLARNENDEFELTGKVEAELHLLTAEEAEKNPVGLARNEPDPLEKPNRPDTSFIWFLNPLKSARYFLWHTYRWLLLKLLLLLLLLLLLALFLYSVPGYLVKKILGA
>OTOF_RAT,250,250,250,250,0,
MALIVHLKTVSELRGRADRIAKVTFRGQSFYSRVLENCEDVADFDETFRWPVASSIDRNEVLEIQIFNYSKVFSNKLIGTFRMVLQKVVEENRVEVSDTLIDDNNAIIKTSLSMEVRYQAADGTVGPWDDGDFLGDESLQEEEKDSQETDGLLPGSRPSTRTPGEKSFRSKGKEKTKGGRDGEHKAGRSVFSAMKLGKTRSHKEEPQRQDEPAVLEMEDLDHLAIRLGDGLDPDSVSLASVTALTSNVSNKRSKPDIKMEPSAGRPMDYQVSITVIEARQLVGLNMDPVVCVEVGDDKKYTSMKESTNCPYYNEYFVFDFHVSPDVMFDKIIKISVIHSKNLLRSGTLVGSFKMDVGTVYSQPEHQFHHKWAILSDPDDISAGLKGYVKCDVAVVGKGDNIKTPHKANETDEDDIEGNLLLPEGVPPERQWARFYVKIYRAEGLPRMNTSLMANVKKAFIGENKDLVDPYVQVFFAGQKGKTSVQKSSYEPLWNEQVVFTDLFPPLCKRMKVQIRDSDKVNDVAIGTHFIDLRKISNDGDKGFLPTLGPAWVNMYGSTRNYTLLDEHQDLNEGLGEGVSFRARLMLGLAVEILDTSNPELTSSTEVQVEQATPVSESCTGRMEEFFLFGAFLEASMIDRKNGDKPVTFEVTIGNYGNEVDGTSRPQRPRPRKEPGDEEEVDLIQNSSDDEGDEAGDLASVSSTPPMRPQITDRNYFHLPYLERKPCIYIKSWWPDQRRRLYNANIMDHIADKLEEGLNDVQEMIKTEKSYPERRLRGVLEELSCGCHRFLSLSDKDQGHSSRTRLDRERLKSCMRELESMGQQAKSLRAQVKRHTVRDKLRLCQNFLQKLRFLADEPQHSIPDVFIWMMSNNKRIAYARVPSKDLLFSIVEEELGKDCAKVKTLFLKLPGKRGFGSAGWTVQAKLELYLWLGLSKQRKDFLCGLPCGFEEVKAAQGLGLHSFPPISLVYTKKQTFQLRAHMYQARSLFAADSTGLSDPFARVFFINQSQCTEVLNETLCPTWDQMLVFDNLELYGEAHELRDDPPIIVIEIYDQDSMGKADFMGRTFAKPLVKMADEAYCPPRFPPQLEYYQIYRGNATAGDLLAAFELLQIGPSGKADLPPINGPVDMDRGPIMPVPVGIRPVLSKYRVEVLFWGLRDLKRVNLAQVDRPRVDIECAGKGVQSSLIHNYKKNPNFNTLVKWFEVDLPENELLHPPLNIRVVDCRAFGRYTLVGSHAVSSLRRFIYRPPDRSAANWNTTGEVVVSMEPEVPVKKLETLVKLDATSDAVVKVDVAEDEKERKKKKKKGPSEEAEEEEPDESMLDWWSKYFASIDTMKEQLRQHETSGIDLEEKEEMDSTEGLKGPVKNKEKSRAAKEEKKKKNQNPGPGQGSEAPEKKKAKIDELKVYPKELESEFDNFEDWLHTFNLLRGKTGDDEDGSTEEERIVGRFKGSLCVYKVPLPEDVSREAGYDPTYGMFQGIPSNDPINVLVRIYVVRATDLHPADINGKADPYIAIKLGKTDIRDKENYISKQLNPVFGKSFDIEASFPMESMLTVAVYDWDLVGTDDLIGETKIDLENRFYSKHRATCGIAQTYSIHGYNIWRDPMKPSQILTRLCKEGKVDGPHFGPHGRVKVANRVFTGPSEIEDENGQRKPTDEHVALSALRHWEDIPRVGCRLVPEHVETRPLLNPDKPGIEQGRLELWVDMFPMDMPAPGTPLDISPRKPKKYELRVIVWNTDEVVLEDDDFFTGEKSSDIFVRGWLKGQQEDKQDTDVHYHSLTGEGNFNWRYLFPFDYLAAEEKIVMSKKESMFSWDETEYKIPARLTLQIWDADHFSADDFLGAIELDLNRFPRGAKTAKQCTMEMATGEVDVPLVSIFKQKRVKGWWPLLARNENDEFELTGKVEAELHLLTAEEAEKNPVGLARNEPDPLEKPNRPDTAFVWFLNPLKSIKYLICTRYKWLIIKIVLALLGLLMLALFLYSLPGYMVKKLLGA
>P4HTM_HUMAN,269,0,0,269,0,
MAAAAVTGQRPETAAAEEASRPQWAPPDHCQAQAAAGLGDGEDAPVRPLCKPRGICSRAYFLVLMVFVHLYLGNVLALLLFVHYSNGDESSDPGPQHRAQGPGPEPTLGPLTRLEGIKVGHERKVQLVTDRDHFIRTLSLKPLLFEIPGFLTDEECRLIIHLAQMKGLQRSQILPTEEYEEAMSTMQVSQLDLFRLLDQNRDGHLQLREVLAQTRLGNGWWMTPESIQEMYAAIKADPDGDGVLSLQEFSNMDLRDFHKYMRSHKAESSELVRNSHHTWLYQGEGAHHIMRAIRQRVLRLTRLSPEIVELSEPLQVVRYGEGGHYHAHVDSGPVYPETICSHTKLVANESVPFETSCRYMTVLFYLNNVTGGGETVFPVADNRTYDEMSLIQDDVDLRDTRRHCDKGNLRVKPQQGTAVFWYNYLPDGQGWVGDVDDYSLHGGCLVTRGTKWIANNWINVDPSRARQALFQQEMARLAREGGTDSQPEWALDRAYRDARVEL
>P4HTM_MOUSE,250,0,0,250,0,
MAAAVATVQRPEAETVEEASNLQWPLPPEHRPSGAATRPGDSEDAPVRPLCKPRGICSRAYFLVLMVFVHLYLGNVLALLLFVHYSNGDESTDPGPQRREQSPQPVPTLGPLTRLEGIKVGYERKVQVVAGRDHFIRTLSLKPLLFEIPGFLSDEECRLIIHLAQMKGLQRSQILPTEEYEEAMSAMQVSQLDLFQLLDQNHDGRLQLREVLAQTRLGNGRWMTPENIQEMYSAIKADPDGDGVLSLQEFSNMDLRDFHKYMRSHKAESNELVRNSHHTWLHQGEGAHHVMRAIRQRVLRLTRLSPEIVEFSEPLQVVRYGEGGHYHAHVDSGPVYPETICSHTKLVANESVPFETSCRYMTVLFYLNNVTGGGETVFPVADNRTYDEMSLIQDDVDLRDTRRHCDKGNLRVKPQQGTAVFWYNYLPDGQGWVGEVDDYSLHGGCLVTRGTKWIANNWINVDPSRARQALFQQEMARLAREGGMDSQPEWALDRAYSDARVEL
>PCAT1_HUMAN,305,305,250,269,0,
MRLRGCGPRAAPASSAGASDARLLAPPGRNPFVHELRLSALQKAQVALMTLTLFPVRLLVAAAMMLLAWPLALVASLGSAEKEPEQPPALWRKVVDFLLKAIMRTMWFAGGFHRVAVKGRQALPTEAAILTLAPHSSYFDAIPVTMTMSSIVMKAESRDIPIWGTLIQYIRPVFVSRSDQDSRRKTVEEIKRRAQSNGKWPQIMIFPEGTCTNRTCLITFKPGAFIPGAPVQPVVLRYPNKLDTITWTWQGPGALEILWLTLCQFHNQVEIEFLPVYSPSEEEKRNPALYASNVRRVMAEALGVSVTDYTFEDCQLALAEGQLRLPADTCLLEFARLVRGLGLKPEKLEKDLDRYSERARMKGGEKIGIAEFAASLEVPVSDLLEDMFSLFDESGSGEVDLRECVVALSVVCRPARTLDTIQLAFKMYGAQEDGSVGEGDLSCILKTALGVAELTVTDLFRAIDQEEKGKITFADFHRFAEMYPAFAEEYLYPDQTHFESCAETSPAPIPNGFCADFSPENSDAGRKPVRKKLD
>PCAT1_MOUSE,250,305,269,269,0,
MRLRGRGPRAAPSSSSGAGDARRLAPPGRNPFVHELRLSALQKAQVAFMTLTLFPIRLLFAAFMMLLAWPFALLASLGPPDKEPEQPLALWRKVVDFLLKAIMRTMWFAGGFHRVAVKGRQALPTEAAILTLAPHSSYFDAIPVTMTMSSIVMKAESRDIPIWGTLIRYIRPVFVSRSDQDSRRKTVEEIKRRAQSNGKWPQIMIFPEGTCTNRTCLITFKPGAFIPGVPVQPVVLRYPNKLDTITWTWQGPGALKILWLTLCQFQNQVEIEFLPVYCPSEEEKRNPALYASNVRRVMAKALGVSVTDYTFEDCQLALAEGQLRLPADTCLLEFARLVRGLGLKPENLEKDLDKYSESARMKRGEKIRLPEFAAYLEVPVSDALEDMFSLFDESGGGEIDLREYVVALSVVCRPSQTLATIQLAFKMYGSPEDGSIDEANLSCILKTALGVSELTVTDLFQAIDQEDKGRITFDDFCGFAEMYPDYAEDYLYPDQTHFDSCAQTPPAPTPNGFCIDFSPENSDFGRKNSCKKAD
>PCAT1_RAT,250,250,250,250,0,
MRLRGRGPRAAPSSSSGAGDARRLAPPGRNPFVHELRLSALQKAQVAFMTLTLFPIRLLFAAFMMLLAWPFALVASLGPPDKEPEQPLALWRKVVDFLLKAIMRTMWFAGGFHRVAVKGRQALPTEAAILTLAPHSSYFDAIPVTMTMSSIVMKAESRDIPIWGTLIRYIRPVFVSRSDQDSRRKTVEEIKRRAQSNGKWPQIMIFPEGTCTNRTCLITFKPGAFIPGVPVQPVVLRYPNKLDTITWTWQGPGALKILWLTLCQFQNQVEIEFLPVYCPSEEEKRNPALYASNVRRVMAKALGVSVTDYTFEDCQLALAEGQLRLPADTCLLEFARLVRGLGLKPENLEKDLDKYSESARMKRGEKIRLPEFAAYLEVPVSDALEDMFSLFDESGGGEIDLREYVVALSVVCRPSQTLATIQLAFKMYGSPEDGSIDEADLSCILKTALGISELTVTDLFQAIDQEERGRITFDDFCGFAEMYPDFAEDYLYPDQTHSDSCAQTPPAPTPNGFCIDFSPEHSDFGRKNSCKKVD
>PCAT2_HUMAN,305,250,250,269,0,
MSRCAQAAEVAATVPGAGVGNVGLRPPMVPRQASFFPPPVPNPFVQQTQIGSARRVQIVLLGIILLPIRVLLVALILLLAWPFAAISTVCCPEKLTHPITGWRRKITQTALKFLGRAMFFSMGFIVAVKGKIASPLEAPVFVAAPHSTFFDGIACVVAGLPSMVSRNENAQVPLIGRLLRAVQPVLVSRVDPDSRKNTINEIIKRTTSGGEWPQILVFPEGTCTNRSCLITFKPGAFIPGVPVQPVLLRYPNKLDTVTWTWQGYTFIQLCMLTFCQLFTKVEVEFMPVQVPNDEEKNDPVLFANKVRNLMAEALGIPVTDHTYEDCRLMISAGQLTLPMEAGLVEFTKISRKLKLDWDGVRKHLDEYASIASSSKGGRIGIEEFAKYLKLPVSDVLRQLFALFDRNHDGSIDFREYVIGLAVLCNPSNTEEIIQVAFKLFDVDEDGYITEEEFSTILQASLGVPDLDVSGLFKEIAQGDSISYEEFKSFALKHPEYAKIFTTYLDLQTCHVFSLPKEVQTTPSTASNKVSPEKHEESTSDKKDD
>PCAT2_MOUSE,250,305,269,269,0,
MNRCAEAAAVAATVPGSGVGDAGLRPPMVPRQASFFPPPVPNPFVQQTTISASRRLQMFLLGIILLPVRALLVGIILLLAWPFAVISTACCPEKLTHPISNWRRKITRPALTFLARAMFFSMGFTVTVKGKVASPLEAPIFVVAPHSTFFDGIACVVAGLPSLVSRNENAQTPLVGRLLRALQPVLVSRVDPDSRKNTINEIKKRATSGGEWPQILVFPEGTCTNRSCLITFKPGAFIPGVPVQPVLLRYPNKLDTVTWTWQGYTFLQLCVLTFCQLFTKVEIEFMPVQAPSEEEKNDPVLFASRIRNLMAEALEIPVTDHTYEDCRLMISAGQLTLPMEAGLVEFSKISRKLKLDWDGIRKHLDEYASIASSSKGGRIGIEEFAEYLKLPVSDVLRQLFALFDRNNDGSIDFREYVIGLAVLCNPANTEEIIQVAFKLFDVDEDGYITEEEFCTILQASLGVPDLNVSGLFREIAQRDSVSYEEFKSFALKHPEYAKIFTTYLDLQTCHVFSLPEEVQTAPSVASNKVSPESQEEGTSDKKVD
>PCAT2_RAT,250,250,250,250,0,
MNRCAEAAAVAATVPGSGVGDSGLRPPMVPRQASFFPPPVPNPFVQQTRISAARRLQMILLGIILLPVRALLVGLVLLLAWPFAVISTVCCPKKLTHPISDWRRKITQPALKFLGRAMFFSMGFRVTVKGKVASPLEAPIFVVAPHSTFFDGIACVVAGLPSLVSRNENAQTPLVGRLLRALQPVLVSRVDPDSRKNTINEIKKRAMSGGEWPQILVFPEGTCTNRSCLITFKPGAFIPGVPVQPVLLRYPNKLDTVTWTWQGYTFIQLCVLTFCQLFTKVEVEFMPVQAPSEEERNDPVLFASRVRNLMAEALEIPVTDHTYEDCRLMISAGQLTLPMEAGLVEFTKISRKLKLDWDGIRKHLDEYASIASSAKGGRIGASSAKGGRIGPVSDVLRQLFALFDRNNDGSIDFREYVIGLAVLCNPANTEDIIQVAFKLFDVDEDGYITEEEFCTILQASLGVPDLNVSGLFREIAQGDSVSYEEFKSFALKHPEYAKIFTTYLDLQTCHVFSLPEDVQTAPSVASNKVSPESHEEGTSGKKVD
>PLD3_BOVIN,250,0,250,250,0,
MKPKLMYQELKVPAEEPASELPMNEIEAWKAAEKKARWVLLVLILAVVGFGALMTQLFLWEYGDLHLFGPNQRPAPCYDPCEAVLVESIPEGLDFPNASTSNPSTSQAWLGLLAGAHSSLDIASFYWTLTNNDTHTQEASAQQGEEVLRQLQTLAPRGVKVRIAVSKPNGPQPQADLQALLQSGAQVRMVDMQKLTHGVLHTKFWVVDQTHFYLGSANMDWRSLTQVKELGVVMYNCSCLARDLTKIFEAYWFLGQAGSSIPSTWPRPYDTRYNQETPMEICLNGTPALAYLASAPPPLCPSGRTPDLKALLNVVDNARSFIYIAVMNYLPIMEFSHPRRFWPAIDDGLRRAAYERGVKVRLLISCWGHSDPSMRAFLLSLAALRDNHTHSDIQVKLFVVPADDAQARIPYARVNHNKYMVTERATYIGTSNWSGSYFTETAGTSLLVTQNGRGGLRSQLEAVFLRDWDSPYSHDLDAAADSVGNACRLL
>PLD3_HUMAN,269,0,269,269,0,
MKPKLMYQELKVPAEEPANELPMNEIEAWKAAEKKARWVLLVLILAVVGFGALMTQLFLWEYGDLHLFGPNQRPAPCYDPCEAVLVESIPEGLDFPNASTGNPSTSQAWLGLLAGAHSSLDIASFYWTLTNNDTHTQEPSAQQGEEVLRQLQTLAPKGVNVRIAVSKPSGPQPQADLQALLQSGAQVRMVDMQKLTHGVLHTKFWVVDQTHFYLGSANMDWRSLTQVKELGVVMYNCSCLARDLTKIFEAYWFLGQAGSSIPSTWPRFYDTRYNQETPMEICLNGTPALAYLASAPPPLCPSGRTPDLKALLNVVDNARSFIYVAVMNYLPTLEFSHPHRFWPAIDDGLRRATYERGVKVRLLISCWGHSEPSMRAFLLSLAALRDNHTHSDIQVKLFVVPADEAQARIPYARVNHNKYMVTERATYIGTSNWSGNYFTETAGTSLLVTQNGRGGLRSQLEAIFLRDWDSPYSHDLDTSADSVGNACRLL
>PLD3_MACFA,250,0,250,250,0,
MKPKLMYQELKVPAEEPANELPMNEIEAWKAAEKKARWVLLVLILAVVGFGALMTQLFLWEYGDLHLFGPNQRPAPCYDPCEAVLVESIPEGLDFPNASTGNPSTSQAWLGLLAGAHSSLDIASFYWTLTNNDTHTQEPSAQQGEEVLRQLQTLAPKGVNVRIAVSKPNGPQPQTDLQALLQSGAQVRMVDMQKLTHGVLHTKFWVVDQTHFYLGSANMDWRSLTQVKELGVVMYNCSCLARDLTKIFEAYWFLGQAGSSIPSTWPRFYDTRYNQETPMEICLNGTPALAYLASAPPPLCPSGRTPDLKALLNVVDNARSFIYIAVMNYLPTLEFSHPHRFWPAIDDGLRRAAYERGVKVRLLVSCWRHSESSMRAFLLSLAALRDNHTHSDIQVKLFVVPADEAQARIPYARVNHNKYMVTERATYIGTSNWSGNYFTETAGTSLLVMQNGRGSLRSQLEAIFLRDWDSPYSHDLDASADSVGNACRLL
>PLD3_MOUSE,250,0,250,250,0,
MKPKLMYQELKVPVEEPAGELPLNEIEAWKAAEKKARWVLLVLILAVVGFGALMTQLFLWEYGDLHLFGPNQRPAPCYDPCEAVLVESIPEGLEFPNATTSNPSTSQAWLGLLAGAHSSLDIASFYWTLTNNDTHTQEPSAQQGEEVLQQLQALAPRGVKVRIAVSKPNGPLADLQSLLQSGAQVRMVDMQKLTHGVLHTKFWVVDQTHFYLGSANMDWRSLTQVKELGVVMYNCSCLARDLTKIFEAYWFLGQAGSSIPSTWPRSFDTRYNQETPMEICLNGTPALAYLASAPPPLCPSGRTPDLKALLNVVDSARSFIYIAVMNYLPTMEFSHPRRFWPAIDDGLRRAAYERGVKVRLLISCWGHSDPSMRSFLLSLAALHDNHTHSDIQVKLFVVPTDESQARIPYARVNHNKYMVTERASYIGTSNWSGSYFTETAGTSLLVTQNGHGGLRSQLEAVFLRDWESPYSHDLDTSANSVGNACRLL
>PLD3_PONAB,250,0,250,250,0,
MKPKLMYQELKVPAEEPANELPMNEIEAWKAAEKKARWVLLVLILAVVGFGALMTQLFLWEYGDLHLFGPNQRPAPCYDPCEAVLVESIPEGLDFPNASTGNPSTSQAWLGLLAGAHSSLDIASFYWTLTNNDTHTQEPSAQQGEEVLRQLQTLAPKGVNVRIAVSKPNGPQPQADLQALLQSGAQVRMVDMQKLTHGVLHTKFWVVDQTHFYLGSANMDWRSLTQVKELGVVMYNCSCLARDLTKIFEAYWFLGQAGSSIPSTWPRFYDTRYNQETPMEICLNGTPALAYLASAPPPLCPSGRTPDLKALLNVVDNARSFIYVAVMNYLPTLEFSHPHRFWPAIDDGLRRAAYERGVKVRLLISCWGHSEPSMRAFLLSLAALRDNHTHSDIQVKLFVVPADEAQARIPYARVNHNKYMVTERATYIGTSNWSGNYFTETAGTSLLVTQNGRGGLRSQLEAIFLRDWDSPYSHDLDTSADSVGNACRLL
>PLD3_RAT,250,0,250,250,0,
MKPKLMYQELKVPVEEPAGELPMNEIEAWKAAEKKARWVLLVLILAVVGFGALMTQLFLWEYGDLHLFGPNQHPAPCYDPCEAVLVESIPEGLEFPNATTSNPSTSQAWLGLLAGAHSSLDIASFYWTLTNNDTHTQEPSAQQGEEVLQQLQALAPRGVKVRIAVSKPNGPLADLQSLLQSGAQVRMVDMQKLTHGVLHTKFWVVDQTHFYLGSANMDWRSLTQVKELGVVMYNCSCLARDLTKIFEAYWFLGQAGSSIPSTWPRPFDTRYNQETPMEICLNGTPALAYLASAPPPLCPGGRTPDLKALLSVVDNARSFIYIAVMNYLPTMEFSHPRRFWPAIDDGLRRAAYERGVKVRLLISCWGHSEPSMRSFLLSLAALRDNHTHSDIQVKLFVVPADEAQARIPYARVNHNKYMVTERTTYIGTSNWSGSYFTETAGTSLLVTQNGHGGLRSQLEAVFLRDWESPYSHNLDTSADSVGNACRLL
>PLD4_HUMAN,250,0,250,250,0,
MLKPLWKAAVAPTWPCSMPPRRPWDREAGTLQVLGALAVLWLGSVALICLLWQVPRPPTWGQVQPKDVPRSWEHGSSPAWEPLEAEARQQRDSCQLVLVESIPQDLPSAAGSPSAQPLGQAWLQLLDTAQESVHVASYYWSLTGPDIGVNDSSSQLGEALLQKLQQLLGRNISLAVATSSPTLARTSTDLQVLAARGAHVRQVPMGRLTRGVLHSKFWVVDGRHIYMGSANMDWRSLTQVKELGAVIYNCSHLAQDLEKTFQTYWVLGVPKAVLPKTWPQNFSSHFNRFQPFHGLFDGVPTTAYFSASPPALCPQGRTRDLEALLAVMGSAQEFIYASVMEYFPTTRFSHPPRYWPVLDNALRAAAFGKGVRVRLLVGCGLNTDPTMFPYLRSLQALSNPAANVSVDVKVFIVPVGNHSNIPFSRVNHSKFMVTEKAAYIGTSNWSEDYFSSTAGVGLVVTQSPGAQPAGATVQEQLRQLFERDWSSRYAVGLDGQAPGQDCVWQG
>PLD4_MOUSE,305,0,269,269,0,
MDKKKEHPEMRIPLQTAVEVSDWPCSTSHDPHSGLGMVLGMLAVLGLSSVTLILFLWQGATSFTSHRMFPEEVPSWSWETLKGDAEQQNNSCQLILVESIPEDLPFAAGSPTAQPLAQAWLQLLDTARESVHIASYYWSLTGLDIGVNDSSSRQGEALLQKFQQLLLRNISVVVATHSPTLAKTSTDLQVLAAHGAQIRQVPMKQLTGGVLHSKFWVVDGRHIYVGSANMDWRSLTQVKELGAIIYNCSNLAQDLEKTFQTYWVLGTPQAVLPKTWPRNFSSHINRFHPLRGPFDGVPTTAYFSASPPSLCPHGRTRDLDAVLGVMEGARQFIYVSVMEYFPTTRFTHHARYWPVLDNALRAAALNKGVHVRLLVSCWFNTDPTMFAYLRSLQAFSNPSAGISVDVKVFIVPVGNHSNIPFSRVNHSKFMVTDKTAYVGTSNWSEDYFSHTAGVGLIVSQKTPRAQPGATTVQEQLRQLFERDWSSHYAMDLDRQVPSQDCVW
>PMGT2_BOVIN,250,0,0,250,0,
MHLSAVLNALLVSVLAAVLWKHVRLREHAASLEEELAVGRRAADPAPALRIDYPKALQILTEGGTHMVCTGRTHTDRLCRFKWLCYSSEAEEFIFFHGNASVMLPSLGSRRFQPALLDLSTVEDHNTQYFNFVELPAAALRFMPKPVFVPDVALIANRFNPDNLMHVFHDDLLPLFYTLRQFPGLAREARLFFMEGWGEGAHFDLYKLLSPKQPLLRAQLKALGRLLCFSHAFVGLSKVTTWYQYGFVQPQGPKANILVSGNEIRQFAHFLMEKLNVSQAGGPLGEEYILVFSRTQNRLILNEAELLLALAQEFQMKTVTVSLEDHAFADVVRLVSNASMLVSMHGAQLVTALFLPRGAAVVELFPYAVNPDHYTPYKTLATLPGMDLQYIAWQNTMPENTVTHPERPWDQGGIAHLDRAEQARILQSREVPRHLCCRNPEWLFRIYQDTKVDIPSLIQTIRRVVKGHPGPRKQKWTVSLYPGKVREARCQASVQGASEARLSVSWQIPWNLKYLKVREVKYEVWLQEQGENTYVPYMLALQNHTFTENIKPFTTYLVWIRCIFNKTLLGPFADVLVCST
>PMGT2_CANLF,250,0,0,250,0,
MHLSAVLNALLVSVLAAVLWKHVRLREHAAALEEEVAAGRQAPAPGPAPRADYARALQLLSEGGTHMVCTGRTHTDRVCRFKWLCYSNEAEEFIFFHGNASVMLPNLGSRRFQPALLDLSTVEDHNTQYFNFVELPAAALRFLPKPVFVPDVALVANRFNPDNLMHVFHDDLLPLFYTLRQFPGLAHEARLFFMEGWSEGAHFDLYKLLSPKQPLLRAQLKTLGRLLCFSHAFVGLSKVTTWYQYGFVQPQGPKANILVSGNEIRQFARFMMEKLNVSQAGAPLGEEYILVFSRTQNRLILNEAELLLALAQEFQMKTVTVSLEDQAFADVVRLVSNASMLVSVHGAQLVTALFLPRGATVVELFPYAVNPDHYTPYKTLATLPGMDLQYVAWRNMMPENTVTHPERPWDQGGIAHLDRAEQARILQSREVPRHLCCRNPEWLFRIYQDTKVDIPSLIQTVRRVVKGRPGPRKQKWTVGLYPGKVREARCQASVQGASEARLTVSWQIPWNLKYLKVREVKYEVWLQEQGENTYVPYILALQNHTFTENIKPFTTYLVWVRCIFNKTLLGPFADVLVCNT
>PMGT2_HUMAN,269,0,0,269,0,
MHLSAVFNALLVSVLAAVLWKHVRLREHAATLEEELALSRQATEPAPALRIDYPKALQILMEGGTHMVCTGRTHTDRICRFKWLCYSNEAEEFIFFHGNTSVMLPNLGSRRFQPALLDLSTVEDHNTQYFNFVELPAAALRFMPKPVFVPDVALIANRFNPDNLMHVFHDDLLPLFYTLRQFPGLAHEARLFFMEGWGEGAHFDLYKLLSPKQPLLRAQLKTLGRLLCFSHAFVGLSKITTWYQYGFVQPQGPKANILVSGNEIRQFARFMTEKLNVSHTGVPLGEEYILVFSRTQNRLILNEAELLLALAQEFQMKTVTVSLEDHTFADVVRLVSNASMLVSMHGAQLVTTLFLPRGATVVELFPYAVNPDHYTPYKTLAMLPGMDLQYVAWRNMMPENTVTHPERPWDQGGITHLDRAEQARILQSREVPRHLCCRNPEWLFRIYQDTKVDIPSLIQTIRRVVKGRPGPRKQKWTVGLYPGKVREARCQASVHGASEARLTVSWQIPWNLKYLKVREVKYEVWLQEQGENTYVPYILALQNHTFTENIKPFTTYLVWVRCIFNKILLGPFADVLVCNT
>PMGT2_MOUSE,250,0,0,250,0,
MHLSAVFNALLVSVLAAVLWKHVRLREHAATLEEELALGQQSLDPVLGLKIDYPKALQILMEGGTHMVCTGRTHTDRICRFKWLCYSNEAEEFIFFHGNSSVMLPNLGSRRFQPALLDLSTVEDHNAQYFNFVELPAAALRFMPKPVFVPDVALIANRFNPDNLMHVFHDDLLPLFYTLRQFPGLAQEARLFFMEGWGEGAHFDLYKLLSPKQPLLRAQLKTLGRLLCFSHAFVGLSKVTTWYQYGFVQPQGPKANILVSGNEIRQFTRFMTERLNVSHAGAPLGEEYILVFSRTQNRLILNEAELLLELAQEFQMKTVTVSLEDHTFADVVRLVSNASMLVSMHGAQLVTALFLPRGATVVELFPYAVNPDHYTPYKTLATLPGMDLQYVAWRNMIRENTVTHPERPWDQGGITHLDRAEQARILQSREVPRHLCCRNPEWLFRIYQDTRVDIPSLMQSIRRVVKGRPGPRRQRWAISLYPGKVREARCQASVQGATEARLSVSWQIPWNLKYLKVREVKYEVWLQEQGENTYVPYMLTLQNHTFTENIKPFTTYLVWVRCIFNRSLLGPFCRCAGVQHVASRPWPGLWRAPLAGSAFPGPQFC
>PMGT2_PANTR,250,0,0,250,0,
MHLSAVFNALLVSVLAAVLWKHVRLREHAATLEEELALGRQATEPAPALRIDYPKALQILMEGGTHMVCTGRTHTDRICRFKWLCYSNEAEEFIFFHGNTSVMLPNLGSRRFQPALLDLSTVEDHNTQYFNFVELPAAALRFMPKPVFVPDVALIANRFNPDNLMHVFHDDLLPLFYTLRQFPGLAHEARLFFMEGWGEGAHFDLYKLLSPKQPLLRAQLKTLGRLLCFSHAFVGLSKITTWYQYGFVQPQGPKANILVSGNEIRQFARFMTEKLNVSHTGVPLGEEYILVFSRTQNRLILNEAELLLALAQEFQMKTVTVSLEDHAFADVVRLVSNASMLVSMHGAQLVTTLFLPRGATVVELFPYAVNPDHYTPYKTLAMLPGMDLQYVAWRNMMPENTVTHPERPWDQGGITHLDRAEQARILQSREVPRHLCCRNPEWLFRIYQDTKVDIPSLIQTIRRVVKGRPGPRKQKWTVGLYPGKVREARCQASVHGASEARLTVSWQIPWNLKYLKVREVKYEVWLQEQGENTYVPYILALQNHTFTENIKPFTTYLVWVRCIFNKILLGPFADVLVCNT
>PMGT2_RAT,250,0,0,250,0,
MHLSAVFNALLVSVLAAVLWKHVRLREHAATLEEELALGQQSLDPVPGLRIDYPKALQILMEGGTHMVCTGRTHTDRICRFKWLCYSNEAEEFIFFHGNSSVMLPNLGSRRFQPALLDLSTVEDHNAQYFNFVELPAAALRFMPKPVFVPDVALIANRFNPDNLMHVFHDDLLPLFYTLRQFPGLAQEARLFFMEGWGEGAHFDLYKLLSPKQPLLRSQLKTLGRLLCFSHAFVGLSKVTTWYQYGFVQPQGPKANILVSGNEIRQFTRFMTERLNVSHAGAPLGEEYILVFSRTQNRLILNEAELLLELAQEFQMKTVTVSLEDHTFADVVRLVSNASMLVSMHGAQLVTALFLPRGATVVELFPYAVNPDHYTPYKTLATLPGMDLQYVAWRNMIRENTVTHPERPWDQGGITHLDRAEQARILQSREVPRHLCCRNPEWLFRIYQDTRVDIPSLMQSIRRVVKGRPGPRRQRWAISLYPGKVREARCQASVQGATEARLSVSWQIPWNLKYLKVREVRYEVWLQEQGENTYVPYMLTLQNHTFTENIKPFTTYLVWVRCIFNRSLLGPFADVLVCST
>RDH11_HUMAN,269,0,0,269,0,
MVELMFPLLLLLLPFLLYMAAPQIRKMLSSGVCTSTVQLPGKVVVVTGANTGIGKETAKELAQRGARVYLACRDVEKGELVAKEIQTTTGNQQVLVRKLDLSDTKSIRAFAKGFLAEEKHLHVLINNAGVMMCPYSKTADGFEMHIGVNHLGHFLLTHLLLEKLKESAPSRIVNVSSLAHHLGRIHFHNLQGEKFYNAGLAYCHSKLANILFTQELARRLKGSGVTTYSVHPGTVQSELVRHSSFMRWMWWLFSFFIKTPQQGAQTSLHCALTEGLEILSGNHFSDCHVAWVSAQARNETIARRLWDVSCDLLGLPID
>RDH11_MOUSE,269,0,0,269,0,
MFGFLLLLSLPFILYLVTPKIRKMLSSGVCTSNVQLPGKVAIVTGANTGIGKETAKDLAQRGARVYLACRDVDKGELAAREIQAVTGNSQVFVRKLDLADTKSIRAFAKDFLAEEKHLHLLINNAGVMMCPYSKTADGFEMHIGVNHLGHFLLTHLLLEKLKESAPSRIVNLSSLGHHLGRIHFHNLQGEKFYSAGLAYCHSKLANILFTKELAKRLKGSGVTTYSVHPGTVHSELTRYSSIMRWLWQLFFVFIKTPQEGAQTSLYCALTEGLESLSGSHFSDCQLAWVSYQGRNEIIARRLWDVSCDLLGLPVDW
>SC11A_BOVIN,250,0,0,250,0,
MLSLDFLDDVRRMNKRQLYYQVLNFGMIVSSALMIWKGLMVITGSESPIVVVLSGSMEPAFHRGDLLFLTNRVEDPIRVGEIVVFRIEGREIPIVHRVLKIHEKQNGHIKFLTKGDNNAVDDRGLYKQGQHWLEKKDVVGRARGFVPYIGIVTILMNDYPKFKYAVLFLLGLFVLVHRE
>SC11A_HUMAN,250,0,0,250,0,
MLSLDFLDDVRRMNKRQLYYQVLNFGMIVSSALMIWKGLMVITGSESPIVVVLSGSMEPAFHRGDLLFLTNRVEDPIRVGEIVVFRIEGREIPIVHRVLKIHEKQNGHIKFLTKGDNNAVDDRGLYKQGQHWLEKKDVVGRARGFVPYIGIVTILMNDYPKFKYAVLFLLGLFVLVHRE
>SC11A_MOUSE,250,0,0,250,0,
MLSLDFLDDVRRMNKRQLYYQVLNFGMIVSSALMIWKGLMVITGSESPIVVVLSGSMEPAFHRGDLLFLTNRVEDPIRVGEIVVFRIEGREIPIVHRVLKIHEKQDGHIKFLTKGDNNAVDDRGLYKQGQHWLEKKDVVGRARGFVPYIGIVTILMNDYPKFKYAVLFLLGLFVLVHRE
>SC11A_PONAB,250,0,0,250,0,
MLSLDFLDDVRRMNKRQLYYQVLNFGMIVSSALMIWKGLMVITGSESPIVVVLSGSMEPAFHRGDLLFLTNRVEDPIRVGEIVVFRIEGREIPIVHRVLKIHEKQNGHIKFLTKGDNNAVDDRGLYKQGQHWLEKKDVVGRARGFVPYIGIVTILMNDYPKFKYAVLFLLGLFVLVHRE
>SC11A_RAT,250,0,0,250,0,
MLSLDFLDDVRRMNKRQLYYQVLNFGMIVSSALMIWKGLMLITGSESPIVVVLSGSMEPAFHRGDLLFLTNRVEDPIRVGEIVVFRIEGREIPIVHRVLKIHEKQDGHIKFLTKGDNNAVDDRGLYKQGQHWLEKKDVVGRARGFVPYIGIVTILMNDYPKFSYAVLFLLGLFVLVHRE
>SC11C_HUMAN,250,0,0,250,0,
MVRAGAVGAHLPASGLDIFGDLKKMNKRQLYYQVLNFAMIVSSALMIWKGLIVLTGSESPIVVVLSGSMEPAFHRGDLLFLTNFREDPIRAGEIVVFKVEGRDIPIVHRVIKVHEKDNGDIKFLTKGDNNEVDDRGLYKEGQNWLEKKDVVGRARGFLPYVGMVTIIMNDYPKFKYALLAVMGAYVLLKRES
>SC11C_MOUSE,250,0,0,250,0,
MVRAGAVGTHLPTSSLDIFGDLRKMNKRQLYYQVLNFAMIVSSALMIWKGLIVLTGSESPIVVVLSGSMEPAFHRGDLLFLTNFREDPIRAGEIVVFKVEGRDIPIVHRVIKVHEKDNGDIKFLTKGDNNEVDDRGLYKEGQNWLEKKDVVGRARGFLPYVGMVTIIMNDYPKFKYALLAVMGAYVLLKRES
>SC11C_PONAB,250,0,0,250,0,
MVRAGAVGAHLPASGLDIFGDLKKMNKRQLYYQVLNFAMIVSSALMIWKGLIVLTGSESPIVVVLSGSMEPAFHRGDLLFLTNFREDPIRAGEIVVFKVEGRDIPIVHRVIKVHEKDNGDIKFLTKGDNNEVDDRGLYKEGQNWLEKKDVVGRARGFLPYVGMVTIIMNDYPKFKYALLAVMGAYVLLKRES
>SC11C_RAT,250,0,0,250,0,
MVRAGAVGTHLPTSSLDIFGDLRKMNKRQLYYQVLNFAMIVSSALMIWKGLIVLTGSESPIVVVLSGSMEPAFHRGDLLFLTNFREDPIRAGEIVVFKVEGRDIPIVHRVIKVHEKDNGDIKFLTKGDNNEVDDRGLYKEGQNWLEKKDVVGRARGFLPYVGMVTIIMNDYPKFKYALVAVMGAYVLLKRES
>SCAR3_HUMAN,269,0,269,269,0,
MKVRSAGGDGDALCVTEEDLAGDDEDMPTFPCTQKGRPGPRCSRCQKNLSLHTSVRILYLFLALLLVAVAVLASLVFRKVDSLSEDISLTQSIYDKKLVLMQKNLQGLDPKALNNCSFCHEAGQLGPEIRKLQEELEGIQKLLLAQEVQLDQTLQAQEVLSTTSRQISQEMGSCSFSIHQVNQSLGLFLAQVRGWQATTAGLDLSLKDLTQECYDVKAAVHQINFTVGQTSEWIHGIQRKTDEETLTLQKIVTDWQNYTRLFSGLRTTSTKTGEAVKNIQATLGASSQRISQNSESMHDLVLQVMGLQLQLDNISSFLDDHEENMHDLQYHTHYAQNRTVERFESLEGRMASHEIEIGTIFTNINATDNHVHSMLKYLDDVRLSCTLGFHTHAEELYYLNKSVSIMLGTTDLLRERFSLLSARLDLNVRNLSMIVEEMKAVDTQHGEILRNVTILRGAPGPPGPRGFKGDMGVKGPVGGRGPKGDPGSLGPLGPQGPQGQPGEAGPVGERGPVGPRGFPGLKGSKGSFGTGGPRGQPGPKGDIGPPGPEGPPGSPGPSGPQGKPGIAGKTGSPGQRGAMGPKGEPGIQGPPGLPGPPGPPGSQSFY
>SCAR3_MOUSE,250,0,250,250,0,
MKVRSAGSDRDVLCVTEEDLAGEDEDMPSFPCTQEGRAGPRCNRCQKNLSLHTSVRILYLFLTLLLVAVAVLASLVFRKVDSLSEDISLAQSIYNKKLVSMQENLQGLDPKALINCSFCREAEQLGQEIRKVQEELEGLQKMLLAQEVQLDQTSQTHELLSTRSSQISQEMGSCSFSIHQVNQSLGLFLAQVRGWQATTAGMDITLKDLTQECYDVKAAVHQINFTVGQTAEWIHGIQRKTDEETLTLQKIVTDWQNYTRLFGGLRTTSAKTGEIVKTIQTTLGASSQRISQNSESMHDLVLQVMGLQLQLDNISSFLDDHEENMHDLQYHTRYAQNRTVERFESLEGRMASHEIEIGTIFTNINATDNHVHSMLKYLDDVRLSCTLGFHTHAEELYYLNKSVSLMLGTTDLLRERFSLLSARLDFNVRNLSMIMEEMKAVDTHHGEILRNVTVIRGVPGPPGPRGLKGDTGVKGPVGSRGPKGDPGNLGPPGPQGPQGQPGEPGPVGERGPAGPRGFPGLKGSKGSFGTGGPRGQPGPKGDVGPLGPEGPPGSPGPSGPQGKPGISGKTGSPGQRGATGPKGEPGIQGPPGLPGPPGPPGNQSPY
>SG196_HUMAN,305,0,0,305,0,
MEKQPQNSRRGLAPREVPPAVGLLLIMALMNTLLYLCLDHFFIAPRQSTVDPTHCPYGHFRIGQMKNCSPWLSCEELRTEVRQLKRVGEGAVKRVFLSEWKEHKVALSQLTSLEMKDDFLHGLQMLKSLQGTHVVTLLGYCEDDNTMLTEYHPLGSLSNLEETLNLSKYQNVNTWQHRLELAMDYVSIINYLHHSPVGTRVMCDSNDLPKTLSQYLLTSNFSILANDLDALPLVNHSSGMLVKCGHRELHGDFVAPEQLWPYGEDVPFHDDLMPSYDEKIDIWKIPDISSFLLGHIEGSDMVRFHLFDIHKACKSQTPSERPTAQDVLETYQKVLDTLRDAMMSQAREML
>SG196_MACFA,250,0,0,250,0,
MEKQPQNKRRGLAPREVPPAVGLLLIMALMNTLLYLCLDHFFIAPRQSIVDPRHCPYGHFRIGQMKNCSPWLSCEELRTEVRQLKRVGEGAVKRVFLSEWKEHKVALSRLTSLEMKDDFLHGLQMLKSLQGAHVVTLLGYCEDDNTILTEYHPLGSLSNLEETLNLSKYQNVNTWQHRLQLAMDYVSIINYLHHSPMGTRVMCDSNDLPKTLSQYLLTSNFSILANDLDALPLVNHSSGTLVKCGHRELHGDFVAPEQLWPYGEDMPFRDNLMPSYDEKIDIWKIPDISSFLLGHIEGSDMVRFHLFDIHKACKSQTPSERPTAQDVLETYQKVLDTLRDAVMSQAREML
>SG196_MOUSE,250,0,0,250,0,
MGQQHGTRNGLTHRELPRGVGLLLAMALMNVALYLCLDQLFISPGRSTADSRRCPPGYFRMGRMRNCSRWLSCEELRTEVRQLKRVGEGAVKRVFLSEWKEHKVALSRLTRLEMKEDFLHGLQMLKSLQSEHVVTLVGYCEEDGTILTEYHPLGSLSNLEETLNLSKYQDVNTWQHRLQLAMEYVSIINYLHHSPLGTRVMCDSNDLPKTLSQYLLTSNFSIVANDLDALPLVDHDSGVLIKCGHRELHGDFVAPEQLWPYGEDTPFQDDLMPSYNEKVDIWKIPDVSSFLLGHVEGSDMVRFHLFDIHKACKSQIPAERPTAQNVLDAYQRVFHSLRDTVMSQTKEML
>SG196_RAT,250,0,0,250,0,
MGQQHGARNGLTHRELPRGMGLLLAMALMNVVLYVCLDHLFISPGRATEDPRRCPPGYFRMGRMRNCSRWLSCEELRTEVRQLKLVGEGAVKRVFLSEWNEHKVALSRLTRLEMKEDFLHGLRMLTSLQSQHVVTLAGFCEEDGTILTEYHPLGSLSNLEETLNLSKYRDVNTWQHRLRLAVEYVSIINYLHHSPLGTRVMCDSNDLPKTLSQYLLTSNFSIVANDLDALPLVDHGSRVLVKCGHRELHGDFVAPEQLWPYGEDTPFQDDLMPPYDEKIDIWKIPDVSSFLLGHVEGSDMVRFHLFDIHKACKNQFPAERPTAQNVLDAYQKVFHSLRDTVMSQTKEML
>SPCS3_BOVIN,305,0,0,250,0,
MNTVLSRANSLFAFSLSVMAALTFGCFITTAFKDRSVPVRLHVSRIMLKNVEDFTGPRERSDLGFITFDITADLENIFDWNVKQLFLYLSAEYSTKNNALNQVVLWDKIVLRGDNPKLLLKDMKTKYFFFDDGNGLKGNRNVTLTLSWNVVPNAGILPLVTGSGHVSVPFPDTYEITKSY
>SPCS3_CANLF,305,0,0,250,0,
MNTVLSRANSLFAFSLSVMAALTFGCFITTAFKDRSVPVRLHVSRIMLKNVEDFTGPRERSDLGFITFDITADLENIFDWNVKQLFLYLSAEYSTKNNALNQVVLWDKIVLRGDNPKLLLKDMKTKYFFFDDGNGLKGNRNVTLTLSWNVVPNAGILPLVTGSGHVSVPFPDTYEITKSY
>SPCS3_HUMAN,305,0,0,250,0,
MNTVLSRANSLFAFSLSVMAALTFGCFITTAFKDRSVPVRLHVSRIMLKNVEDFTGPRERSDLGFITFDITADLENIFDWNVKQLFLYLSAEYSTKNNALNQVVLWDKIVLRGDNPKLLLKDMKTKYFFFDDGNGLKGNRNVTLTLSWNVVPNAGILPLVTGSGHVSVPFPDTYEITKSY
>SPCS3_MOUSE,250,0,0,250,0,
MNTVLSRANSLFAFSLSVMAALTFGCFITTAFKDRSVPVRLHVSRIMLKNVEDFTGPRERSDLGFITFDITADLENIFDWNVKQLFLYLSAEYSTKNNALNQVVLWDKIVLRGDNPKLLLKDMKTKYFFFDDGNGLKGNRNVTLTLSWNVVPNAGILPLVTGSGHVSVPFPDTYEITKSY
>SPCS3_RAT,305,0,0,250,0,
MNTLLSRANSLFAFTLSVMAALTLGCILTTAFKDRSAPVRLHVSRILLKKVEDFTGPRKKSDLGFITFHISADLEKTFDWNVKQLFLYLSAEYSTKSNAVNQVVLWDKILLRGENPKLNLKDVKSKYFFFDDGHGLKGNRNVTLTLSWQVIPIAGILPLVTGSGRVSVPFPDSYEIATTF
>TMM98_BOVIN,250,250,0,250,0,
METVVIVAIGVLATIFLASFAALVVVCRQRYCRPRDLLQCYDSKPIVDLIGAMETQSEPSELELDDVVITNPHIEAILENEDWIEDASGLMSHCIAILKICHTLTEKLVAMTMGSGAKMKTSASLSDIIVVAKRISPRVDDVVKSMYPPLDPKLLDARTTALLLSVSHLVLVTRNACHLTGGLDWIDQSLTAAEEHLEVLREAALASEPDKGLPGPEGFLQEQSAI
>TMM98_HUMAN,269,269,0,250,0,
METVVIVAIGVLATIFLASFAALVLVCRQRYCRPRDLLQRYDSKPIVDLIGAMETQSEPSELELDDVVITNPHIEAILENEDWIEDASGLMSHCIAILKICHTLTEKLVAMTMGSGAKMKTSASVSDIIVVAKRISPRVDDVVKSMYPPLDPKLLDARTTALLLSVSHLVLVTRNACHLTGGLDWIDQSLSAAEEHLEVLREAALASEPDKGLPGPEGFLQEQSAI
>TMM98_MOUSE,250,250,0,305,0,
METVVIVAIGVLATIFLASFAALVVVCRQRYCRPRDLLQRYDSKPIVDLIGAMETQSEPSELELDDVVITNPHIEAILENEDWIEDASGLMSHCIAILKICHTLTEKLVAMTMGSGAKMKTSASVSDIIVVAKRISPRVDDVVKSMYPPLDPKLLDARTTALLLSVSHLVLVTRNACHLTGGLDWIDQSLSAAEEHLEVLREAALASEPDKSLPNPEGFLQEQSAI
>TMM98_RAT,250,250,0,250,0,
METVVIVAIGVLATIFLASFAALVVVCRQRYCRPRDLLQRYDSKPIVDLIGAMETQSEPSELELDDVVITNPHIEAILENEDWIEDASGLMSHCIAILKICHTLTEKLVAMTMGSGAKMKTSASVSDIIVVAKRISPRVDDVVKSMYPPLDPKLLDARTTALLLSVSHLVLVTRNACHLTGGLDWIDQSLSAAEEHLEVLREAALASEPDKSLPNPEGFLQEQSAI
>TMPS3_HUMAN,269,0,0,269,0,
MGENDPPAVEAPFSFRSLFGLDDLKISPVAPDADAVAAQILSLLPLKFFPIIVIGIIALILALAIGLGIHFDCSGKYRCRSSFKCIELIARCDGVSDCKDGEDEYRCVRVGGQNAVLQVFTAASWKTMCSDDWKGHYANVACAQLGFPSYVSSDNLRVSSLEGQFREEFVSIDHLLPDDKVTALHHSVYVREGCASGHVVTLQCTACGHRRGYSSRIVGGNMSLLSQWPWQASLQFQGYHLCGGSVITPLWIITAAHCVYDLYLPKSWTIQVGLVSLLDNPAPSHLVEKIVYHSKYKPKRLGNDIALMKLAGPLTFNEMIQPVCLPNSEENFPDGKVCWTSGWGATEDGAGDASPVLNHAAVPLISNKICNHRDVYGGIISPSMLCAGYLTGGVDSCQGDSGGPLVCQERRLWKLVGATSFGIGCAEVNKPGVYTRVTSFLDWIHEQMERDLKT
>TMPS3_MOUSE,269,0,0,269,0,
MGENDPPAAEAPFSFRSLFGLDDLKISPVAPDGDAVAAQILSLLPLKFFPIIVIGIIALILALAIGLGIHFDCSGKYRCHSSFKCIELTARCDGVSDCKNAEDEYRCVRVSGQRAALQVFTAAAWRTMCSDDWKSHYAKIACAQLGFPSYVSSDHLRVDALEEQFQGDFVSINHLLSDDKVTALHHSVYMREGCTSGHVVTLKCSACGTRTGYSPRIVGGNMSSLTQWPWQVSLQFQGYHLCGGSIITPLWIVTAAHCVYDLYHPKSWTVQVGLVSLMDSPVPSHLVEKIIYHSKYKPKRLGNDIALMKLSEPLTFDETIQPICLPNSEENFPDGKLCWTSGWGATEDGGDASPVLNHAAVPLISNKICNHRDVYGGIISPSMLCAGYLKGGVDSCQGDSGGPLVCQERRLWKLVGATSFGIGCAEVNKPGVYTRITSFLDWIHEQLERDLKT
>XBP1_BOVIN,250,0,0,250,1,
MVVVAPAQSPAAGAPKVLLLSGQPAATGGAPAGRALPVMVPGQQGASPEGASGVPPQARKRQRLTHLSPEEKALRRKLKNRVAAQTARDRKKARMSELEQQVVDLEEENQKLLLENQLLREKTHGLVVENQELRQRLGMDALVTEEEAETKGNGAGLVAGSAESAALRLRAPLQQVQAQLSPLQNISPWTLMALTLQTLSLTSCWAFCSTWTQSCSSDVLPQSLPAWSSSQKWTQKDPVPYRPPLLHPWGRHQPSWKPLMN
>XBP1_MOUSE,250,0,0,250,1,
MVVVAAAPSAATAAPKVLLLSGQPASGGRALPLMVPGPRAAGSEASGTPQARKRQRLTHLSPEEKALRRKLKNRVAAQTARDRKKARMSELEQQVVDLEEENHKLQLENQLLREKTHGLVVENQELRTRLGMDTLDPDEVPEVEAKGSGVRLVAGSAESAALRLCAPLQQVQAQLSPPQNIFPWTLTLLPLQILSLISFWAFWTSWTLSCFSNVLPQSLLVWRNSQRSTQKDLVPYQPPFLCQWGPHQPSWKPLMNSFVLTMYTPSL
>XBP1_RAT,250,0,0,250,1,
MVVVAAAPSAASAAPKVLLLSGQPASGGRALPLMVPGPRAAGSEASGTPQARKRQRLTHLSPEEKALRRKLKNRVAAQTARDRKKARMSELEQQVVDLEEENQKLQLENQLLREKTHGLVIENQELRTRLGMNALVTEEVSEAESKGNGVRLVAGSAESAALRLRAPLQQVQAQLSPPQNIFPWILTLLPLQILSLISFWAFWTSWTLSCFSNVLPQSLLIWRNSQRSTQKDLVPYQPPFLCQWGPHQPSWKPLMNSFVLTMYTPSL
>XXLT1_HUMAN,269,0,0,269,0,
MGLLRGGLPCARAMARLGAVRSHYCALLLAAALAVCAFYYLGSGRETFSSATKRLKEARAGAPAAPSPPALELARGSVAPAPGAKAKSLEGGGAGPVDYHLLMMFTKAEHNAALQAKARVALRSLLRLAKFEAHEVLNLHFVSEEASREVAKGLLRELLPPAAGFKCKVIFHDVAVLTDKLFPIVEAMQKHFSAGLGTYYSDSIFFLSVAMHQIMPKEILQIIQLDLDLKFKTNIRELFEEFDSFLPGAIIGIAREMQPVYRHTFWQFRHENPQTRVGGPPPEGLPGFNSGVMLLNLEAMRQSPLYSRLLEPAQVQQLADKYHFRGHLGDQDFFTMIGMEHPKLFHVLDCTWNRQLCTWWRDHGYSDVFEAYFRCEGHVKIYHGNCNTPIPED
>XXLT1_MOUSE,250,0,0,250,0,
MGLLRGGAACARAMARLGALRSHYCALLLAAALAVCAFYYLGSGRETFSSATKRLKEARAGAAAPTPPAPELARGSAAPASGAKAKSLEGGVVVPVDYHLLMMFTKAEHNAPLQAKARVALSSLLRLAKFEAHEVLNLHFVSEEASREVAKALLRELLPPAAGFKCKVIFHDVAVLTDKLFPVVEAMQKYFSAGSGTYYSDSIFFLSVAMHQIMPKEIPRIIQLDLDLKYKTNIRELFEEFDNFLPGAVIGIAREMQPVYRHTFWQFRHENPKTRVGDPPPEGLPGFNSGVMLLNLEAMRQSPLYSHLLEPSWVQQLADKYHFRGHLGDQDFFTMIGMEHPELFHVLDCTWNRQLCTWWRDHGYSDVFQAYFRCEGHVKIYHGNCNTPIPED
